{"BarFreq":86400,"ContractKey":{"Item1":"CPNG","Item2":1000,"Item3":"STOCK"},"DataSourceSegments":{"IsReadOnly":false,"PeriodList":[{"Key":{"IsCurrent":false,"m_start":"\/Date(1615438800000-0500)\/","m_stop":"\/Date(1615525200000-0500)\/","m_time":"\/Date(-62135578800000-0500)\/"},"Value":-2147483638}]},"LastUpdateTime":"\/Date(1615509329079-0500)\/","Rows":[{"Key":"\/Date(1615438800000-0500)\/","Value":{"Item1":-2147483638,"Item2":63.5,"Item3":69,"Item4":49.25,"Item5":49.25,"Item6":90567386}}],"Type":0,"m_HistoricalHeadTime":"\/Date(1615438800000-0500)\/"}