{"BarFreq":86400,"ContractKey":{"Item1":"LAZR","Item2":1020,"Item3":"STOCK"},"DataSourceSegments":{"IsReadOnly":false,"PeriodList":[{"Key":{"IsCurrent":false,"m_start":"\/Date(1553486400000-0400)\/","m_stop":"\/Date(1616212800000-0400)\/","m_time":"\/Date(-62135578800000-0500)\/"},"Value":-2147483638}]},"LastUpdateTime":"\/Date(1616251281034-0400)\/","Rows":[{"Key":"\/Date(1553486400000-0400)\/","Value":{"Item1":-2147483638,"Item2":9.8,"Item3":9.8,"Item4":9.65,"Item5":9.8,"Item6":102500}},{"Key":"\/Date(1553572800000-0400)\/","Value":{"Item1":-2147483638,"Item2":9.81,"Item3":9.81,"Item4":9.81,"Item5":9.81,"Item6":2500}},{"Key":"\/Date(1553659200000-0400)\/","Value":{"Item1":-2147483638,"Item2":9.81,"Item3":9.81,"Item4":9.81,"Item5":9.81,"Item6":0}},{"Key":"\/Date(1553745600000-0400)\/","Value":{"Item1":-2147483638,"Item2":9.75,"Item3":9.75,"Item4":9.75,"Item5":9.75,"Item6":560}},{"Key":"\/Date(1553832000000-0400)\/","Value":{"Item1":-2147483638,"Item2":9.75,"Item3":9.75,"Item4":9.75,"Item5":9.75,"Item6":60}},{"Key":"\/Date(1554091200000-0400)\/","Value":{"Item1":-2147483638,"Item2":9.8,"Item3":9.84,"Item4":9.8,"Item5":9.8252,"Item6":548090}},{"Key":"\/Date(1554177600000-0400)\/","Value":{"Item1":-2147483638,"Item2":9.81,"Item3":9.81,"Item4":9.81,"Item5":9.81,"Item6":188798}},{"Key":"\/Date(1554264000000-0400)\/","Value":{"Item1":-2147483638,"Item2":9.81,"Item3":9.81,"Item4":9.81,"Item5":9.81,"Item6":0}},{"Key":"\/Date(1554350400000-0400)\/","Value":{"Item1":-2147483638,"Item2":9.8,"Item3":9.8,"Item4":9.79,"Item5":9.79,"Item6":1700}},{"Key":"\/Date(1554436800000-0400)\/","Value":{"Item1":-2147483638,"Item2":9.82,"Item3":9.82,"Item4":9.82,"Item5":9.82,"Item6":1000}},{"Key":"\/Date(1554696000000-0400)\/","Value":{"Item1":-2147483638,"Item2":9.83,"Item3":9.83,"Item4":9.83,"Item5":9.83,"Item6":1000}},{"Key":"\/Date(1554782400000-0400)\/","Value":{"Item1":-2147483638,"Item2":9.83,"Item3":9.83,"Item4":9.83,"Item5":9.83,"Item6":100}},{"Key":"\/Date(1554868800000-0400)\/","Value":{"Item1":-2147483638,"Item2":9.83,"Item3":9.83,"Item4":9.8,"Item5":9.8,"Item6":1400}},{"Key":"\/Date(1554955200000-0400)\/","Value":{"Item1":-2147483638,"Item2":9.8,"Item3":9.8,"Item4":9.8,"Item5":9.8,"Item6":0}},{"Key":"\/Date(1555041600000-0400)\/","Value":{"Item1":-2147483638,"Item2":9.85,"Item3":9.85,"Item4":9.85,"Item5":9.85,"Item6":8432}},{"Key":"\/Date(1555300800000-0400)\/","Value":{"Item1":-2147483638,"Item2":9.85,"Item3":9.85,"Item4":9.85,"Item5":9.85,"Item6":3}},{"Key":"\/Date(1555387200000-0400)\/","Value":{"Item1":-2147483638,"Item2":9.85,"Item3":9.85,"Item4":9.85,"Item5":9.85,"Item6":4}},{"Key":"\/Date(1555473600000-0400)\/","Value":{"Item1":-2147483638,"Item2":9.7952,"Item3":9.83,"Item4":9.7952,"Item5":9.83,"Item6":600}},{"Key":"\/Date(1555560000000-0400)\/","Value":{"Item1":-2147483638,"Item2":9.8,"Item3":9.825,"Item4":9.8,"Item5":9.82,"Item6":390605}},{"Key":"\/Date(1555905600000-0400)\/","Value":{"Item1":-2147483638,"Item2":9.8,"Item3":9.8,"Item4":9.8,"Item5":9.8,"Item6":50003}},{"Key":"\/Date(1555992000000-0400)\/","Value":{"Item1":-2147483638,"Item2":9.85,"Item3":9.85,"Item4":9.85,"Item5":9.85,"Item6":902}},{"Key":"\/Date(1556078400000-0400)\/","Value":{"Item1":-2147483638,"Item2":9.8,"Item3":9.8,"Item4":9.8,"Item5":9.8,"Item6":100}},{"Key":"\/Date(1556164800000-0400)\/","Value":{"Item1":-2147483638,"Item2":9.85,"Item3":9.85,"Item4":9.8,"Item5":9.85,"Item6":94365}},{"Key":"\/Date(1556251200000-0400)\/","Value":{"Item1":-2147483638,"Item2":9.86,"Item3":9.86,"Item4":9.81,"Item5":9.83,"Item6":1111}},{"Key":"\/Date(1556510400000-0400)\/","Value":{"Item1":-2147483638,"Item2":9.83,"Item3":9.83,"Item4":9.83,"Item5":9.83,"Item6":101}},{"Key":"\/Date(1556596800000-0400)\/","Value":{"Item1":-2147483638,"Item2":9.83,"Item3":9.83,"Item4":9.83,"Item5":9.83,"Item6":10}},{"Key":"\/Date(1556683200000-0400)\/","Value":{"Item1":-2147483638,"Item2":9.83,"Item3":9.83,"Item4":9.83,"Item5":9.83,"Item6":32}},{"Key":"\/Date(1556769600000-0400)\/","Value":{"Item1":-2147483638,"Item2":9.86,"Item3":9.9,"Item4":9.86,"Item5":9.9,"Item6":308}},{"Key":"\/Date(1556856000000-0400)\/","Value":{"Item1":-2147483638,"Item2":9.85,"Item3":9.9,"Item4":9.85,"Item5":9.9,"Item6":24980}},{"Key":"\/Date(1557115200000-0400)\/","Value":{"Item1":-2147483638,"Item2":9.9,"Item3":9.9,"Item4":9.9,"Item5":9.9,"Item6":40}},{"Key":"\/Date(1557201600000-0400)\/","Value":{"Item1":-2147483638,"Item2":9.9,"Item3":9.9,"Item4":9.9,"Item5":9.9,"Item6":10}},{"Key":"\/Date(1557288000000-0400)\/","Value":{"Item1":-2147483638,"Item2":9.9,"Item3":9.9,"Item4":9.9,"Item5":9.9,"Item6":2}},{"Key":"\/Date(1557374400000-0400)\/","Value":{"Item1":-2147483638,"Item2":9.9,"Item3":9.9,"Item4":9.9,"Item5":9.9,"Item6":0}},{"Key":"\/Date(1557460800000-0400)\/","Value":{"Item1":-2147483638,"Item2":9.9,"Item3":9.9,"Item4":9.9,"Item5":9.9,"Item6":9}},{"Key":"\/Date(1557720000000-0400)\/","Value":{"Item1":-2147483638,"Item2":9.9,"Item3":9.9,"Item4":9.9,"Item5":9.9,"Item6":0}},{"Key":"\/Date(1557806400000-0400)\/","Value":{"Item1":-2147483638,"Item2":9.9,"Item3":9.9,"Item4":9.9,"Item5":9.9,"Item6":0}},{"Key":"\/Date(1557892800000-0400)\/","Value":{"Item1":-2147483638,"Item2":9.9,"Item3":9.9,"Item4":9.9,"Item5":9.9,"Item6":64}},{"Key":"\/Date(1557979200000-0400)\/","Value":{"Item1":-2147483638,"Item2":9.9,"Item3":9.9,"Item4":9.9,"Item5":9.9,"Item6":0}},{"Key":"\/Date(1558065600000-0400)\/","Value":{"Item1":-2147483638,"Item2":9.97,"Item3":9.97,"Item4":9.97,"Item5":9.97,"Item6":100}},{"Key":"\/Date(1558324800000-0400)\/","Value":{"Item1":-2147483638,"Item2":9.97,"Item3":9.97,"Item4":9.93,"Item5":9.93,"Item6":6225}},{"Key":"\/Date(1558411200000-0400)\/","Value":{"Item1":-2147483638,"Item2":9.93,"Item3":9.93,"Item4":9.93,"Item5":9.93,"Item6":2}},{"Key":"\/Date(1558497600000-0400)\/","Value":{"Item1":-2147483638,"Item2":9.93,"Item3":9.93,"Item4":9.93,"Item5":9.93,"Item6":1}},{"Key":"\/Date(1558584000000-0400)\/","Value":{"Item1":-2147483638,"Item2":9.93,"Item3":9.93,"Item4":9.93,"Item5":9.93,"Item6":0}},{"Key":"\/Date(1558670400000-0400)\/","Value":{"Item1":-2147483638,"Item2":9.93,"Item3":9.93,"Item4":9.93,"Item5":9.93,"Item6":0}},{"Key":"\/Date(1559016000000-0400)\/","Value":{"Item1":-2147483638,"Item2":9.9,"Item3":9.9,"Item4":9.9,"Item5":9.9,"Item6":695}},{"Key":"\/Date(1559102400000-0400)\/","Value":{"Item1":-2147483638,"Item2":9.9,"Item3":9.9,"Item4":9.9,"Item5":9.9,"Item6":0}},{"Key":"\/Date(1559188800000-0400)\/","Value":{"Item1":-2147483638,"Item2":9.9,"Item3":9.9,"Item4":9.9,"Item5":9.9,"Item6":25000}},{"Key":"\/Date(1559275200000-0400)\/","Value":{"Item1":-2147483638,"Item2":9.9,"Item3":9.9,"Item4":9.9,"Item5":9.9,"Item6":0}},{"Key":"\/Date(1559534400000-0400)\/","Value":{"Item1":-2147483638,"Item2":10.09,"Item3":10.09,"Item4":9.95,"Item5":9.95,"Item6":206}},{"Key":"\/Date(1559620800000-0400)\/","Value":{"Item1":-2147483638,"Item2":9.9,"Item3":9.9,"Item4":9.9,"Item5":9.9,"Item6":243677}},{"Key":"\/Date(1559707200000-0400)\/","Value":{"Item1":-2147483638,"Item2":9.92,"Item3":9.92,"Item4":9.9,"Item5":9.9,"Item6":71012}},{"Key":"\/Date(1559793600000-0400)\/","Value":{"Item1":-2147483638,"Item2":9.9,"Item3":9.9,"Item4":9.9,"Item5":9.9,"Item6":12}},{"Key":"\/Date(1559880000000-0400)\/","Value":{"Item1":-2147483638,"Item2":9.9,"Item3":9.9,"Item4":9.9,"Item5":9.9,"Item6":0}},{"Key":"\/Date(1560139200000-0400)\/","Value":{"Item1":-2147483638,"Item2":10.1,"Item3":10.1,"Item4":10,"Item5":10,"Item6":3010}},{"Key":"\/Date(1560225600000-0400)\/","Value":{"Item1":-2147483638,"Item2":9.93,"Item3":9.95,"Item4":9.93,"Item5":9.95,"Item6":9500}},{"Key":"\/Date(1560312000000-0400)\/","Value":{"Item1":-2147483638,"Item2":9.93,"Item3":10,"Item4":9.93,"Item5":9.93,"Item6":497989}},{"Key":"\/Date(1560398400000-0400)\/","Value":{"Item1":-2147483638,"Item2":9.93,"Item3":9.93,"Item4":9.93,"Item5":9.93,"Item6":0}},{"Key":"\/Date(1560484800000-0400)\/","Value":{"Item1":-2147483638,"Item2":10,"Item3":10,"Item4":9.95,"Item5":9.99,"Item6":2416410}},{"Key":"\/Date(1560744000000-0400)\/","Value":{"Item1":-2147483638,"Item2":9.95,"Item3":10,"Item4":9.95,"Item5":10,"Item6":500}},{"Key":"\/Date(1560830400000-0400)\/","Value":{"Item1":-2147483638,"Item2":10.5,"Item3":10.5,"Item4":9.95,"Item5":9.95,"Item6":14610}},{"Key":"\/Date(1560916800000-0400)\/","Value":{"Item1":-2147483638,"Item2":10,"Item3":10,"Item4":10,"Item5":10,"Item6":7100}},{"Key":"\/Date(1561003200000-0400)\/","Value":{"Item1":-2147483638,"Item2":10,"Item3":10.02,"Item4":10,"Item5":10,"Item6":300350}},{"Key":"\/Date(1561089600000-0400)\/","Value":{"Item1":-2147483638,"Item2":10,"Item3":10.05,"Item4":9.975,"Item5":10.05,"Item6":19933}},{"Key":"\/Date(1561348800000-0400)\/","Value":{"Item1":-2147483638,"Item2":10.56,"Item3":10.56,"Item4":10.2787,"Item5":10.2787,"Item6":400}},{"Key":"\/Date(1561435200000-0400)\/","Value":{"Item1":-2147483638,"Item2":10.07,"Item3":10.1,"Item4":10.07,"Item5":10.1,"Item6":1198}},{"Key":"\/Date(1561521600000-0400)\/","Value":{"Item1":-2147483638,"Item2":10.09,"Item3":10.249,"Item4":10.09,"Item5":10.2113,"Item6":12158}},{"Key":"\/Date(1561608000000-0400)\/","Value":{"Item1":-2147483638,"Item2":10.08,"Item3":10.08,"Item4":10.08,"Item5":10.08,"Item6":250000}},{"Key":"\/Date(1561694400000-0400)\/","Value":{"Item1":-2147483638,"Item2":10.21,"Item3":10.21,"Item4":10.05,"Item5":10.07,"Item6":105530}},{"Key":"\/Date(1561953600000-0400)\/","Value":{"Item1":-2147483638,"Item2":10.0816,"Item3":10.0816,"Item4":10.05,"Item5":10.05,"Item6":100563}},{"Key":"\/Date(1562040000000-0400)\/","Value":{"Item1":-2147483638,"Item2":10.07,"Item3":10.07,"Item4":10.07,"Item5":10.07,"Item6":125002}},{"Key":"\/Date(1562126400000-0400)\/","Value":{"Item1":-2147483638,"Item2":10.07,"Item3":10.07,"Item4":10.07,"Item5":10.07,"Item6":0}},{"Key":"\/Date(1562299200000-0400)\/","Value":{"Item1":-2147483638,"Item2":10.1,"Item3":10.1,"Item4":10.1,"Item5":10.1,"Item6":2100}},{"Key":"\/Date(1562558400000-0400)\/","Value":{"Item1":-2147483638,"Item2":10.08,"Item3":10.08,"Item4":10.08,"Item5":10.08,"Item6":308}},{"Key":"\/Date(1562644800000-0400)\/","Value":{"Item1":-2147483638,"Item2":10.1,"Item3":10.1,"Item4":10.1,"Item5":10.1,"Item6":540}},{"Key":"\/Date(1562731200000-0400)\/","Value":{"Item1":-2147483638,"Item2":10.1,"Item3":10.1,"Item4":10.1,"Item5":10.1,"Item6":0}},{"Key":"\/Date(1562817600000-0400)\/","Value":{"Item1":-2147483638,"Item2":10.0428,"Item3":10.06,"Item4":10.0232,"Item5":10.06,"Item6":1147}},{"Key":"\/Date(1562904000000-0400)\/","Value":{"Item1":-2147483638,"Item2":10.06,"Item3":10.06,"Item4":10.06,"Item5":10.06,"Item6":0}},{"Key":"\/Date(1563163200000-0400)\/","Value":{"Item1":-2147483638,"Item2":10.06,"Item3":10.06,"Item4":10.06,"Item5":10.06,"Item6":0}},{"Key":"\/Date(1563249600000-0400)\/","Value":{"Item1":-2147483638,"Item2":10.06,"Item3":10.06,"Item4":10.06,"Item5":10.06,"Item6":0}},{"Key":"\/Date(1563336000000-0400)\/","Value":{"Item1":-2147483638,"Item2":10.06,"Item3":10.06,"Item4":10.06,"Item5":10.06,"Item6":3}},{"Key":"\/Date(1563422400000-0400)\/","Value":{"Item1":-2147483638,"Item2":10.06,"Item3":10.06,"Item4":10.06,"Item5":10.06,"Item6":0}},{"Key":"\/Date(1563508800000-0400)\/","Value":{"Item1":-2147483638,"Item2":10.06,"Item3":10.06,"Item4":10.06,"Item5":10.06,"Item6":0}},{"Key":"\/Date(1563768000000-0400)\/","Value":{"Item1":-2147483638,"Item2":10.06,"Item3":10.06,"Item4":10.06,"Item5":10.06,"Item6":4}},{"Key":"\/Date(1563854400000-0400)\/","Value":{"Item1":-2147483638,"Item2":10.06,"Item3":10.06,"Item4":10.06,"Item5":10.06,"Item6":0}},{"Key":"\/Date(1563940800000-0400)\/","Value":{"Item1":-2147483638,"Item2":9.97,"Item3":10.07,"Item4":9.97,"Item5":10.05,"Item6":368492}},{"Key":"\/Date(1564027200000-0400)\/","Value":{"Item1":-2147483638,"Item2":10.05,"Item3":10.05,"Item4":10.05,"Item5":10.05,"Item6":0}},{"Key":"\/Date(1564113600000-0400)\/","Value":{"Item1":-2147483638,"Item2":10.03,"Item3":10.05,"Item4":9.98,"Item5":10.05,"Item6":1600}},{"Key":"\/Date(1564372800000-0400)\/","Value":{"Item1":-2147483638,"Item2":10.05,"Item3":10.05,"Item4":10.05,"Item5":10.05,"Item6":1}},{"Key":"\/Date(1564459200000-0400)\/","Value":{"Item1":-2147483638,"Item2":10.88,"Item3":10.88,"Item4":10.05,"Item5":10.34,"Item6":1230}},{"Key":"\/Date(1564545600000-0400)\/","Value":{"Item1":-2147483638,"Item2":10.12,"Item3":10.12,"Item4":10.12,"Item5":10.12,"Item6":501}},{"Key":"\/Date(1564632000000-0400)\/","Value":{"Item1":-2147483638,"Item2":10.12,"Item3":10.12,"Item4":10.12,"Item5":10.12,"Item6":148}},{"Key":"\/Date(1564718400000-0400)\/","Value":{"Item1":-2147483638,"Item2":10.12,"Item3":10.12,"Item4":10.12,"Item5":10.12,"Item6":0}},{"Key":"\/Date(1564977600000-0400)\/","Value":{"Item1":-2147483638,"Item2":10.12,"Item3":10.12,"Item4":10.12,"Item5":10.12,"Item6":1}},{"Key":"\/Date(1565064000000-0400)\/","Value":{"Item1":-2147483638,"Item2":10.12,"Item3":10.12,"Item4":10.12,"Item5":10.12,"Item6":0}},{"Key":"\/Date(1565150400000-0400)\/","Value":{"Item1":-2147483638,"Item2":10.05,"Item3":10.1,"Item4":10,"Item5":10.1,"Item6":5495}},{"Key":"\/Date(1565236800000-0400)\/","Value":{"Item1":-2147483638,"Item2":10.1,"Item3":10.1,"Item4":10.1,"Item5":10.1,"Item6":0}},{"Key":"\/Date(1565323200000-0400)\/","Value":{"Item1":-2147483638,"Item2":10.1,"Item3":10.1,"Item4":10.1,"Item5":10.1,"Item6":0}},{"Key":"\/Date(1565582400000-0400)\/","Value":{"Item1":-2147483638,"Item2":10.1,"Item3":10.1,"Item4":10.1,"Item5":10.1,"Item6":0}},{"Key":"\/Date(1565668800000-0400)\/","Value":{"Item1":-2147483638,"Item2":10.1,"Item3":10.1,"Item4":10.1,"Item5":10.1,"Item6":0}},{"Key":"\/Date(1565755200000-0400)\/","Value":{"Item1":-2147483638,"Item2":10.1,"Item3":10.1,"Item4":10.1,"Item5":10.1,"Item6":0}},{"Key":"\/Date(1565841600000-0400)\/","Value":{"Item1":-2147483638,"Item2":10.1,"Item3":10.1,"Item4":10.1,"Item5":10.1,"Item6":0}},{"Key":"\/Date(1565928000000-0400)\/","Value":{"Item1":-2147483638,"Item2":10.1,"Item3":10.1,"Item4":10.1,"Item5":10.1,"Item6":0}},{"Key":"\/Date(1566187200000-0400)\/","Value":{"Item1":-2147483638,"Item2":10.1,"Item3":10.1,"Item4":10.1,"Item5":10.1,"Item6":1}},{"Key":"\/Date(1566273600000-0400)\/","Value":{"Item1":-2147483638,"Item2":10.1,"Item3":10.1,"Item4":10.1,"Item5":10.1,"Item6":0}},{"Key":"\/Date(1566360000000-0400)\/","Value":{"Item1":-2147483638,"Item2":10.1,"Item3":10.1,"Item4":10.1,"Item5":10.1,"Item6":0}},{"Key":"\/Date(1566446400000-0400)\/","Value":{"Item1":-2147483638,"Item2":10.1,"Item3":10.1,"Item4":10.1,"Item5":10.1,"Item6":0}},{"Key":"\/Date(1566532800000-0400)\/","Value":{"Item1":-2147483638,"Item2":10.1,"Item3":10.1,"Item4":10.1,"Item5":10.1,"Item6":0}},{"Key":"\/Date(1566792000000-0400)\/","Value":{"Item1":-2147483638,"Item2":10.1,"Item3":10.1,"Item4":10.1,"Item5":10.1,"Item6":0}},{"Key":"\/Date(1566878400000-0400)\/","Value":{"Item1":-2147483638,"Item2":9.98,"Item3":10.02,"Item4":9.98,"Item5":10.02,"Item6":1604}},{"Key":"\/Date(1566964800000-0400)\/","Value":{"Item1":-2147483638,"Item2":10.02,"Item3":10.02,"Item4":10.02,"Item5":10.02,"Item6":0}},{"Key":"\/Date(1567051200000-0400)\/","Value":{"Item1":-2147483638,"Item2":10.02,"Item3":10.02,"Item4":10.02,"Item5":10.02,"Item6":0}},{"Key":"\/Date(1567137600000-0400)\/","Value":{"Item1":-2147483638,"Item2":9.98,"Item3":10.05,"Item4":9.98,"Item5":10.05,"Item6":1089}},{"Key":"\/Date(1567483200000-0400)\/","Value":{"Item1":-2147483638,"Item2":10.05,"Item3":10.05,"Item4":10.05,"Item5":10.05,"Item6":1}},{"Key":"\/Date(1567569600000-0400)\/","Value":{"Item1":-2147483638,"Item2":10.03,"Item3":10.03,"Item4":10.03,"Item5":10.03,"Item6":690}},{"Key":"\/Date(1567656000000-0400)\/","Value":{"Item1":-2147483638,"Item2":10.03,"Item3":10.03,"Item4":10.03,"Item5":10.03,"Item6":0}},{"Key":"\/Date(1567742400000-0400)\/","Value":{"Item1":-2147483638,"Item2":10.03,"Item3":10.03,"Item4":10.03,"Item5":10.03,"Item6":1}},{"Key":"\/Date(1568001600000-0400)\/","Value":{"Item1":-2147483638,"Item2":10.1,"Item3":10.1,"Item4":10.1,"Item5":10.1,"Item6":25002}},{"Key":"\/Date(1568088000000-0400)\/","Value":{"Item1":-2147483638,"Item2":10.1,"Item3":10.1,"Item4":10.1,"Item5":10.1,"Item6":0}},{"Key":"\/Date(1568174400000-0400)\/","Value":{"Item1":-2147483638,"Item2":10.1,"Item3":10.1,"Item4":10.1,"Item5":10.1,"Item6":1}},{"Key":"\/Date(1568260800000-0400)\/","Value":{"Item1":-2147483638,"Item2":10.1,"Item3":10.1,"Item4":10.1,"Item5":10.1,"Item6":0}},{"Key":"\/Date(1568347200000-0400)\/","Value":{"Item1":-2147483638,"Item2":10.1,"Item3":10.1,"Item4":10.1,"Item5":10.1,"Item6":0}},{"Key":"\/Date(1568606400000-0400)\/","Value":{"Item1":-2147483638,"Item2":10.1,"Item3":10.1,"Item4":10.1,"Item5":10.1,"Item6":0}},{"Key":"\/Date(1568692800000-0400)\/","Value":{"Item1":-2147483638,"Item2":10.1,"Item3":10.1,"Item4":10.1,"Item5":10.1,"Item6":0}},{"Key":"\/Date(1568779200000-0400)\/","Value":{"Item1":-2147483638,"Item2":10.1,"Item3":10.1,"Item4":10.1,"Item5":10.1,"Item6":0}},{"Key":"\/Date(1568865600000-0400)\/","Value":{"Item1":-2147483638,"Item2":10.1,"Item3":10.1,"Item4":10.1,"Item5":10.1,"Item6":0}},{"Key":"\/Date(1568952000000-0400)\/","Value":{"Item1":-2147483638,"Item2":10.1,"Item3":10.1,"Item4":10.1,"Item5":10.1,"Item6":2}},{"Key":"\/Date(1569211200000-0400)\/","Value":{"Item1":-2147483638,"Item2":10.1,"Item3":10.1,"Item4":10.1,"Item5":10.1,"Item6":0}},{"Key":"\/Date(1569297600000-0400)\/","Value":{"Item1":-2147483638,"Item2":10.1,"Item3":10.1,"Item4":10.1,"Item5":10.1,"Item6":0}},{"Key":"\/Date(1569384000000-0400)\/","Value":{"Item1":-2147483638,"Item2":10.1,"Item3":10.1,"Item4":10.1,"Item5":10.1,"Item6":0}},{"Key":"\/Date(1569470400000-0400)\/","Value":{"Item1":-2147483638,"Item2":10.1,"Item3":10.1,"Item4":10.1,"Item5":10.1,"Item6":0}},{"Key":"\/Date(1569556800000-0400)\/","Value":{"Item1":-2147483638,"Item2":10.1,"Item3":10.1,"Item4":10.1,"Item5":10.1,"Item6":0}},{"Key":"\/Date(1569816000000-0400)\/","Value":{"Item1":-2147483638,"Item2":10.1,"Item3":10.1,"Item4":10.1,"Item5":10.1,"Item6":0}},{"Key":"\/Date(1569902400000-0400)\/","Value":{"Item1":-2147483638,"Item2":10.1,"Item3":10.1,"Item4":10.1,"Item5":10.1,"Item6":0}},{"Key":"\/Date(1569988800000-0400)\/","Value":{"Item1":-2147483638,"Item2":10.1,"Item3":10.1,"Item4":10.1,"Item5":10.1,"Item6":0}},{"Key":"\/Date(1570075200000-0400)\/","Value":{"Item1":-2147483638,"Item2":10.1,"Item3":10.1,"Item4":10.1,"Item5":10.1,"Item6":0}},{"Key":"\/Date(1570161600000-0400)\/","Value":{"Item1":-2147483638,"Item2":10.1,"Item3":10.1,"Item4":10.1,"Item5":10.1,"Item6":0}},{"Key":"\/Date(1570420800000-0400)\/","Value":{"Item1":-2147483638,"Item2":10.1,"Item3":10.1,"Item4":10.1,"Item5":10.1,"Item6":0}},{"Key":"\/Date(1570507200000-0400)\/","Value":{"Item1":-2147483638,"Item2":10.1,"Item3":10.1,"Item4":10.1,"Item5":10.1,"Item6":97}},{"Key":"\/Date(1570593600000-0400)\/","Value":{"Item1":-2147483638,"Item2":10.05,"Item3":10.05,"Item4":10.05,"Item5":10.05,"Item6":500000}},{"Key":"\/Date(1570680000000-0400)\/","Value":{"Item1":-2147483638,"Item2":10.05,"Item3":10.05,"Item4":10.05,"Item5":10.05,"Item6":0}},{"Key":"\/Date(1570766400000-0400)\/","Value":{"Item1":-2147483638,"Item2":10.05,"Item3":10.05,"Item4":10.05,"Item5":10.05,"Item6":0}},{"Key":"\/Date(1571025600000-0400)\/","Value":{"Item1":-2147483638,"Item2":10.05,"Item3":10.05,"Item4":10.05,"Item5":10.05,"Item6":8}},{"Key":"\/Date(1571112000000-0400)\/","Value":{"Item1":-2147483638,"Item2":10.05,"Item3":10.05,"Item4":10.05,"Item5":10.05,"Item6":10}},{"Key":"\/Date(1571198400000-0400)\/","Value":{"Item1":-2147483638,"Item2":10.1,"Item3":10.2,"Item4":10.1,"Item5":10.2,"Item6":1050377}},{"Key":"\/Date(1571284800000-0400)\/","Value":{"Item1":-2147483638,"Item2":10.2,"Item3":10.2,"Item4":10.2,"Item5":10.2,"Item6":1}},{"Key":"\/Date(1571371200000-0400)\/","Value":{"Item1":-2147483638,"Item2":10.2,"Item3":10.2,"Item4":10.07,"Item5":10.2,"Item6":2724}},{"Key":"\/Date(1571630400000-0400)\/","Value":{"Item1":-2147483638,"Item2":10.2,"Item3":10.2,"Item4":10.2,"Item5":10.2,"Item6":2}},{"Key":"\/Date(1571716800000-0400)\/","Value":{"Item1":-2147483638,"Item2":10.2,"Item3":10.2,"Item4":10.2,"Item5":10.2,"Item6":8}},{"Key":"\/Date(1571803200000-0400)\/","Value":{"Item1":-2147483638,"Item2":10.05,"Item3":10.2,"Item4":10.05,"Item5":10.2,"Item6":2122}},{"Key":"\/Date(1571889600000-0400)\/","Value":{"Item1":-2147483638,"Item2":10.2,"Item3":10.2,"Item4":10.2,"Item5":10.2,"Item6":0}},{"Key":"\/Date(1571976000000-0400)\/","Value":{"Item1":-2147483638,"Item2":10.2,"Item3":10.2,"Item4":10.2,"Item5":10.2,"Item6":0}},{"Key":"\/Date(1572235200000-0400)\/","Value":{"Item1":-2147483638,"Item2":10.2,"Item3":10.2,"Item4":10.2,"Item5":10.2,"Item6":0}},{"Key":"\/Date(1572321600000-0400)\/","Value":{"Item1":-2147483638,"Item2":10.11,"Item3":10.12,"Item4":10.07,"Item5":10.09,"Item6":2412021}},{"Key":"\/Date(1572408000000-0400)\/","Value":{"Item1":-2147483638,"Item2":10.09,"Item3":10.09,"Item4":10.09,"Item5":10.09,"Item6":0}},{"Key":"\/Date(1572494400000-0400)\/","Value":{"Item1":-2147483638,"Item2":10.08,"Item3":10.08,"Item4":10.08,"Item5":10.08,"Item6":250000}},{"Key":"\/Date(1572580800000-0400)\/","Value":{"Item1":-2147483638,"Item2":10.08,"Item3":10.08,"Item4":10.08,"Item5":10.08,"Item6":0}},{"Key":"\/Date(1572843600000-0500)\/","Value":{"Item1":-2147483638,"Item2":10.15,"Item3":10.15,"Item4":10.15,"Item5":10.15,"Item6":5000}},{"Key":"\/Date(1572930000000-0500)\/","Value":{"Item1":-2147483638,"Item2":10.07,"Item3":10.15,"Item4":10.07,"Item5":10.15,"Item6":10872}},{"Key":"\/Date(1573016400000-0500)\/","Value":{"Item1":-2147483638,"Item2":10.14,"Item3":10.15,"Item4":10.14,"Item5":10.15,"Item6":300}},{"Key":"\/Date(1573102800000-0500)\/","Value":{"Item1":-2147483638,"Item2":10.15,"Item3":10.15,"Item4":10.15,"Item5":10.15,"Item6":300}},{"Key":"\/Date(1573189200000-0500)\/","Value":{"Item1":-2147483638,"Item2":10.15,"Item3":10.15,"Item4":10.15,"Item5":10.15,"Item6":300}},{"Key":"\/Date(1573448400000-0500)\/","Value":{"Item1":-2147483638,"Item2":10.15,"Item3":10.15,"Item4":10.15,"Item5":10.15,"Item6":0}},{"Key":"\/Date(1573534800000-0500)\/","Value":{"Item1":-2147483638,"Item2":10.15,"Item3":10.15,"Item4":10.15,"Item5":10.15,"Item6":15}},{"Key":"\/Date(1573621200000-0500)\/","Value":{"Item1":-2147483638,"Item2":10.15,"Item3":10.15,"Item4":10.15,"Item5":10.15,"Item6":5}},{"Key":"\/Date(1573707600000-0500)\/","Value":{"Item1":-2147483638,"Item2":10.15,"Item3":10.15,"Item4":10.15,"Item5":10.15,"Item6":0}},{"Key":"\/Date(1573794000000-0500)\/","Value":{"Item1":-2147483638,"Item2":10.15,"Item3":10.15,"Item4":10.15,"Item5":10.15,"Item6":0}},{"Key":"\/Date(1574053200000-0500)\/","Value":{"Item1":-2147483638,"Item2":10.15,"Item3":10.15,"Item4":10.15,"Item5":10.15,"Item6":0}},{"Key":"\/Date(1574139600000-0500)\/","Value":{"Item1":-2147483638,"Item2":10.15,"Item3":10.15,"Item4":10.15,"Item5":10.15,"Item6":4}},{"Key":"\/Date(1574226000000-0500)\/","Value":{"Item1":-2147483638,"Item2":10.2,"Item3":10.2,"Item4":10.2,"Item5":10.2,"Item6":300}},{"Key":"\/Date(1574312400000-0500)\/","Value":{"Item1":-2147483638,"Item2":10.2,"Item3":10.2,"Item4":10.2,"Item5":10.2,"Item6":0}},{"Key":"\/Date(1574398800000-0500)\/","Value":{"Item1":-2147483638,"Item2":10.15,"Item3":10.15,"Item4":10.15,"Item5":10.15,"Item6":1100}},{"Key":"\/Date(1574658000000-0500)\/","Value":{"Item1":-2147483638,"Item2":10.13,"Item3":10.14,"Item4":10.08,"Item5":10.14,"Item6":1100144}},{"Key":"\/Date(1574744400000-0500)\/","Value":{"Item1":-2147483638,"Item2":10.12,"Item3":10.12,"Item4":10.12,"Item5":10.12,"Item6":701}},{"Key":"\/Date(1574830800000-0500)\/","Value":{"Item1":-2147483638,"Item2":10.12,"Item3":10.12,"Item4":10.12,"Item5":10.12,"Item6":5}},{"Key":"\/Date(1575003600000-0500)\/","Value":{"Item1":-2147483638,"Item2":10.12,"Item3":10.12,"Item4":10.12,"Item5":10.12,"Item6":0}},{"Key":"\/Date(1575262800000-0500)\/","Value":{"Item1":-2147483638,"Item2":10.12,"Item3":10.12,"Item4":10.12,"Item5":10.12,"Item6":0}},{"Key":"\/Date(1575349200000-0500)\/","Value":{"Item1":-2147483638,"Item2":10.12,"Item3":10.12,"Item4":10.12,"Item5":10.12,"Item6":12}},{"Key":"\/Date(1575435600000-0500)\/","Value":{"Item1":-2147483638,"Item2":10.12,"Item3":10.12,"Item4":10.12,"Item5":10.12,"Item6":0}},{"Key":"\/Date(1575522000000-0500)\/","Value":{"Item1":-2147483638,"Item2":10.17,"Item3":10.17,"Item4":10.17,"Item5":10.17,"Item6":399}},{"Key":"\/Date(1575608400000-0500)\/","Value":{"Item1":-2147483638,"Item2":10.2,"Item3":10.2,"Item4":10.2,"Item5":10.2,"Item6":28800}},{"Key":"\/Date(1575867600000-0500)\/","Value":{"Item1":-2147483638,"Item2":10.2,"Item3":10.2,"Item4":10.2,"Item5":10.2,"Item6":0}},{"Key":"\/Date(1575954000000-0500)\/","Value":{"Item1":-2147483638,"Item2":10.2,"Item3":10.2,"Item4":10.2,"Item5":10.2,"Item6":0}},{"Key":"\/Date(1576040400000-0500)\/","Value":{"Item1":-2147483638,"Item2":10.2,"Item3":10.2,"Item4":10.2,"Item5":10.2,"Item6":0}},{"Key":"\/Date(1576126800000-0500)\/","Value":{"Item1":-2147483638,"Item2":10.2,"Item3":10.2,"Item4":10.2,"Item5":10.2,"Item6":0}},{"Key":"\/Date(1576213200000-0500)\/","Value":{"Item1":-2147483638,"Item2":10.2,"Item3":10.2,"Item4":10.2,"Item5":10.2,"Item6":0}},{"Key":"\/Date(1576472400000-0500)\/","Value":{"Item1":-2147483638,"Item2":10.2,"Item3":10.2,"Item4":10.2,"Item5":10.2,"Item6":739}},{"Key":"\/Date(1576558800000-0500)\/","Value":{"Item1":-2147483638,"Item2":10.2,"Item3":10.2,"Item4":10.2,"Item5":10.2,"Item6":0}},{"Key":"\/Date(1576645200000-0500)\/","Value":{"Item1":-2147483638,"Item2":10.2,"Item3":10.2,"Item4":10.2,"Item5":10.2,"Item6":4600}},{"Key":"\/Date(1576731600000-0500)\/","Value":{"Item1":-2147483638,"Item2":10.2,"Item3":10.2,"Item4":10.2,"Item5":10.2,"Item6":5000}},{"Key":"\/Date(1576818000000-0500)\/","Value":{"Item1":-2147483638,"Item2":10.1998,"Item3":10.1998,"Item4":10.1998,"Item5":10.1998,"Item6":114}},{"Key":"\/Date(1577077200000-0500)\/","Value":{"Item1":-2147483638,"Item2":10.1998,"Item3":10.1998,"Item4":10.1998,"Item5":10.1998,"Item6":0}},{"Key":"\/Date(1577163600000-0500)\/","Value":{"Item1":-2147483638,"Item2":10.1998,"Item3":10.1998,"Item4":10.1998,"Item5":10.1998,"Item6":0}},{"Key":"\/Date(1577336400000-0500)\/","Value":{"Item1":-2147483638,"Item2":10.1998,"Item3":10.1998,"Item4":10.1998,"Item5":10.1998,"Item6":997}},{"Key":"\/Date(1577422800000-0500)\/","Value":{"Item1":-2147483638,"Item2":10.1998,"Item3":10.1998,"Item4":10.1998,"Item5":10.1998,"Item6":48}},{"Key":"\/Date(1577682000000-0500)\/","Value":{"Item1":-2147483638,"Item2":10.1998,"Item3":10.1998,"Item4":10.1998,"Item5":10.1998,"Item6":1}},{"Key":"\/Date(1577768400000-0500)\/","Value":{"Item1":-2147483638,"Item2":10.1998,"Item3":10.1998,"Item4":10.1998,"Item5":10.1998,"Item6":0}},{"Key":"\/Date(1577941200000-0500)\/","Value":{"Item1":-2147483638,"Item2":10.2,"Item3":10.2,"Item4":10.2,"Item5":10.2,"Item6":37962}},{"Key":"\/Date(1578027600000-0500)\/","Value":{"Item1":-2147483638,"Item2":11,"Item3":11,"Item4":10.25,"Item5":10.25,"Item6":673}},{"Key":"\/Date(1578286800000-0500)\/","Value":{"Item1":-2147483638,"Item2":10.52,"Item3":10.54,"Item4":10.2,"Item5":10.36,"Item6":3700}},{"Key":"\/Date(1578373200000-0500)\/","Value":{"Item1":-2147483638,"Item2":10.36,"Item3":10.36,"Item4":10.36,"Item5":10.36,"Item6":0}},{"Key":"\/Date(1578459600000-0500)\/","Value":{"Item1":-2147483638,"Item2":10.25,"Item3":10.28,"Item4":10.25,"Item5":10.26,"Item6":257718}},{"Key":"\/Date(1578546000000-0500)\/","Value":{"Item1":-2147483638,"Item2":10.29,"Item3":10.29,"Item4":10.29,"Item5":10.29,"Item6":100093}},{"Key":"\/Date(1578632400000-0500)\/","Value":{"Item1":-2147483638,"Item2":10.35,"Item3":10.4,"Item4":10.35,"Item5":10.35,"Item6":250100}},{"Key":"\/Date(1578891600000-0500)\/","Value":{"Item1":-2147483638,"Item2":10.4,"Item3":10.4,"Item4":10.4,"Item5":10.4,"Item6":105001}},{"Key":"\/Date(1578978000000-0500)\/","Value":{"Item1":-2147483638,"Item2":10.44,"Item3":10.46,"Item4":10.44,"Item5":10.46,"Item6":371600}},{"Key":"\/Date(1579064400000-0500)\/","Value":{"Item1":-2147483638,"Item2":10.45,"Item3":10.5,"Item4":10.45,"Item5":10.5,"Item6":39505}},{"Key":"\/Date(1579150800000-0500)\/","Value":{"Item1":-2147483638,"Item2":10.5,"Item3":10.55,"Item4":10.5,"Item5":10.5,"Item6":90009}},{"Key":"\/Date(1579237200000-0500)\/","Value":{"Item1":-2147483638,"Item2":10.54,"Item3":10.55,"Item4":10.54,"Item5":10.55,"Item6":70780}},{"Key":"\/Date(1579582800000-0500)\/","Value":{"Item1":-2147483638,"Item2":10.56,"Item3":10.65,"Item4":10.56,"Item5":10.59,"Item6":286896}},{"Key":"\/Date(1579669200000-0500)\/","Value":{"Item1":-2147483638,"Item2":10.6,"Item3":10.6,"Item4":10.6,"Item5":10.6,"Item6":168}},{"Key":"\/Date(1579755600000-0500)\/","Value":{"Item1":-2147483638,"Item2":10.5,"Item3":10.59,"Item4":10.5,"Item5":10.59,"Item6":32000}},{"Key":"\/Date(1579842000000-0500)\/","Value":{"Item1":-2147483638,"Item2":10.69,"Item3":10.7,"Item4":10.5,"Item5":10.58,"Item6":125847}},{"Key":"\/Date(1580101200000-0500)\/","Value":{"Item1":-2147483638,"Item2":10.6,"Item3":10.6,"Item4":10.6,"Item5":10.6,"Item6":518}},{"Key":"\/Date(1580187600000-0500)\/","Value":{"Item1":-2147483638,"Item2":10.6,"Item3":10.6,"Item4":10.6,"Item5":10.6,"Item6":0}},{"Key":"\/Date(1580274000000-0500)\/","Value":{"Item1":-2147483638,"Item2":10.56,"Item3":10.56,"Item4":10.56,"Item5":10.56,"Item6":200}},{"Key":"\/Date(1580360400000-0500)\/","Value":{"Item1":-2147483638,"Item2":10.6,"Item3":10.6,"Item4":10.6,"Item5":10.6,"Item6":591}},{"Key":"\/Date(1580446800000-0500)\/","Value":{"Item1":-2147483638,"Item2":10.6,"Item3":10.6,"Item4":10.6,"Item5":10.6,"Item6":121}},{"Key":"\/Date(1580706000000-0500)\/","Value":{"Item1":-2147483638,"Item2":10.586,"Item3":10.586,"Item4":10.586,"Item5":10.586,"Item6":151}},{"Key":"\/Date(1580792400000-0500)\/","Value":{"Item1":-2147483638,"Item2":10.6184,"Item3":10.6184,"Item4":10.58,"Item5":10.58,"Item6":1500}},{"Key":"\/Date(1580878800000-0500)\/","Value":{"Item1":-2147483638,"Item2":10.65,"Item3":10.65,"Item4":10.6,"Item5":10.6,"Item6":281392}},{"Key":"\/Date(1580965200000-0500)\/","Value":{"Item1":-2147483638,"Item2":10.6,"Item3":10.605,"Item4":10.6,"Item5":10.605,"Item6":5930}},{"Key":"\/Date(1581051600000-0500)\/","Value":{"Item1":-2147483638,"Item2":10.6,"Item3":10.6,"Item4":10.6,"Item5":10.6,"Item6":200101}},{"Key":"\/Date(1581310800000-0500)\/","Value":{"Item1":-2147483638,"Item2":10.58,"Item3":10.64,"Item4":10.58,"Item5":10.6,"Item6":52200}},{"Key":"\/Date(1581397200000-0500)\/","Value":{"Item1":-2147483638,"Item2":10.6,"Item3":10.61,"Item4":10.6,"Item5":10.6,"Item6":118244}},{"Key":"\/Date(1581483600000-0500)\/","Value":{"Item1":-2147483638,"Item2":10.6,"Item3":10.6,"Item4":10.6,"Item5":10.6,"Item6":0}},{"Key":"\/Date(1581570000000-0500)\/","Value":{"Item1":-2147483638,"Item2":10.575,"Item3":10.575,"Item4":10.575,"Item5":10.575,"Item6":3008}},{"Key":"\/Date(1581656400000-0500)\/","Value":{"Item1":-2147483638,"Item2":10.55,"Item3":10.59,"Item4":10.55,"Item5":10.59,"Item6":587}},{"Key":"\/Date(1582002000000-0500)\/","Value":{"Item1":-2147483638,"Item2":10.55,"Item3":10.55,"Item4":10.55,"Item5":10.55,"Item6":701}},{"Key":"\/Date(1582088400000-0500)\/","Value":{"Item1":-2147483638,"Item2":10.6,"Item3":10.65,"Item4":10.6,"Item5":10.6,"Item6":54344}},{"Key":"\/Date(1582174800000-0500)\/","Value":{"Item1":-2147483638,"Item2":10.6,"Item3":10.6,"Item4":10.6,"Item5":10.6,"Item6":10}},{"Key":"\/Date(1582261200000-0500)\/","Value":{"Item1":-2147483638,"Item2":10.6,"Item3":10.61,"Item4":10.6,"Item5":10.61,"Item6":201330}},{"Key":"\/Date(1582520400000-0500)\/","Value":{"Item1":-2147483638,"Item2":10.6,"Item3":10.6,"Item4":10.51,"Item5":10.51,"Item6":100301}},{"Key":"\/Date(1582606800000-0500)\/","Value":{"Item1":-2147483638,"Item2":10.58,"Item3":10.58,"Item4":10.58,"Item5":10.58,"Item6":500}},{"Key":"\/Date(1582693200000-0500)\/","Value":{"Item1":-2147483638,"Item2":10.55,"Item3":10.55,"Item4":10.55,"Item5":10.55,"Item6":62000}},{"Key":"\/Date(1582779600000-0500)\/","Value":{"Item1":-2147483638,"Item2":10.5722,"Item3":10.5722,"Item4":10.5722,"Item5":10.5722,"Item6":500}},{"Key":"\/Date(1582866000000-0500)\/","Value":{"Item1":-2147483638,"Item2":10.52,"Item3":10.6,"Item4":10.49,"Item5":10.6,"Item6":270565}},{"Key":"\/Date(1583125200000-0500)\/","Value":{"Item1":-2147483638,"Item2":10.595,"Item3":10.6,"Item4":10.575,"Item5":10.6,"Item6":100040}},{"Key":"\/Date(1583211600000-0500)\/","Value":{"Item1":-2147483638,"Item2":10.6,"Item3":10.6,"Item4":10.6,"Item5":10.6,"Item6":0}},{"Key":"\/Date(1583298000000-0500)\/","Value":{"Item1":-2147483638,"Item2":10.6,"Item3":10.6,"Item4":10.6,"Item5":10.6,"Item6":1078}},{"Key":"\/Date(1583384400000-0500)\/","Value":{"Item1":-2147483638,"Item2":10.6,"Item3":10.6,"Item4":10.5,"Item5":10.6,"Item6":4263}},{"Key":"\/Date(1583470800000-0500)\/","Value":{"Item1":-2147483638,"Item2":10.6,"Item3":10.6,"Item4":10.6,"Item5":10.6,"Item6":0}},{"Key":"\/Date(1583726400000-0400)\/","Value":{"Item1":-2147483638,"Item2":10.6,"Item3":10.6,"Item4":10.6,"Item5":10.6,"Item6":0}},{"Key":"\/Date(1583812800000-0400)\/","Value":{"Item1":-2147483638,"Item2":10.5219,"Item3":10.6,"Item4":10.42,"Item5":10.5218,"Item6":65740}},{"Key":"\/Date(1583899200000-0400)\/","Value":{"Item1":-2147483638,"Item2":10.5,"Item3":10.5,"Item4":10.5,"Item5":10.5,"Item6":300000}},{"Key":"\/Date(1583985600000-0400)\/","Value":{"Item1":-2147483638,"Item2":10.5,"Item3":10.5,"Item4":10.5,"Item5":10.5,"Item6":27}},{"Key":"\/Date(1584072000000-0400)\/","Value":{"Item1":-2147483638,"Item2":10.75,"Item3":10.75,"Item4":9.93,"Item5":10.5,"Item6":26716}},{"Key":"\/Date(1584331200000-0400)\/","Value":{"Item1":-2147483638,"Item2":9.9,"Item3":10.45,"Item4":9.73,"Item5":9.73,"Item6":1542513}},{"Key":"\/Date(1584417600000-0400)\/","Value":{"Item1":-2147483638,"Item2":9.75,"Item3":10.45,"Item4":9.75,"Item5":10,"Item6":180440}},{"Key":"\/Date(1584504000000-0400)\/","Value":{"Item1":-2147483638,"Item2":9.7,"Item3":9.7,"Item4":9.6,"Item5":9.7,"Item6":565320}},{"Key":"\/Date(1584590400000-0400)\/","Value":{"Item1":-2147483638,"Item2":9.61,"Item3":9.98,"Item4":9.45,"Item5":9.6,"Item6":1015225}},{"Key":"\/Date(1584676800000-0400)\/","Value":{"Item1":-2147483638,"Item2":9.75,"Item3":10.44,"Item4":9.75,"Item5":9.76,"Item6":321177}},{"Key":"\/Date(1584936000000-0400)\/","Value":{"Item1":-2147483638,"Item2":9.84,"Item3":9.84,"Item4":9.7,"Item5":9.75,"Item6":11201}},{"Key":"\/Date(1585022400000-0400)\/","Value":{"Item1":-2147483638,"Item2":9.51,"Item3":9.94,"Item4":9.51,"Item5":9.76,"Item6":554834}},{"Key":"\/Date(1585108800000-0400)\/","Value":{"Item1":-2147483638,"Item2":10,"Item3":10.44,"Item4":9.98,"Item5":9.99,"Item6":210601}},{"Key":"\/Date(1585195200000-0400)\/","Value":{"Item1":-2147483638,"Item2":9.99,"Item3":9.99,"Item4":9.99,"Item5":9.99,"Item6":0}},{"Key":"\/Date(1585281600000-0400)\/","Value":{"Item1":-2147483638,"Item2":9.9,"Item3":9.9,"Item4":9.9,"Item5":9.9,"Item6":175402}},{"Key":"\/Date(1585540800000-0400)\/","Value":{"Item1":-2147483638,"Item2":9.89,"Item3":10.42,"Item4":9.85,"Item5":9.9,"Item6":21339}},{"Key":"\/Date(1585627200000-0400)\/","Value":{"Item1":-2147483638,"Item2":9.9,"Item3":10.235,"Item4":9.9,"Item5":10.16,"Item6":61604}},{"Key":"\/Date(1585713600000-0400)\/","Value":{"Item1":-2147483638,"Item2":10.14,"Item3":10.16,"Item4":10.14,"Item5":10.15,"Item6":5851}},{"Key":"\/Date(1585800000000-0400)\/","Value":{"Item1":-2147483638,"Item2":10.12,"Item3":10.3,"Item4":10,"Item5":10.1,"Item6":58571}},{"Key":"\/Date(1585886400000-0400)\/","Value":{"Item1":-2147483638,"Item2":10,"Item3":10,"Item4":10,"Item5":10,"Item6":610}},{"Key":"\/Date(1586145600000-0400)\/","Value":{"Item1":-2147483638,"Item2":10.06,"Item3":10.1,"Item4":9.95,"Item5":9.95,"Item6":809}},{"Key":"\/Date(1586232000000-0400)\/","Value":{"Item1":-2147483638,"Item2":9.9,"Item3":10,"Item4":9.87,"Item5":9.95,"Item6":360222}},{"Key":"\/Date(1586318400000-0400)\/","Value":{"Item1":-2147483638,"Item2":10,"Item3":10.07,"Item4":10,"Item5":10.07,"Item6":5310}},{"Key":"\/Date(1586404800000-0400)\/","Value":{"Item1":-2147483638,"Item2":10.0907,"Item3":10.0947,"Item4":10.0907,"Item5":10.0907,"Item6":3141}},{"Key":"\/Date(1586750400000-0400)\/","Value":{"Item1":-2147483638,"Item2":10.0907,"Item3":10.0907,"Item4":10.0907,"Item5":10.0907,"Item6":0}},{"Key":"\/Date(1586836800000-0400)\/","Value":{"Item1":-2147483638,"Item2":10.1,"Item3":10.11,"Item4":10,"Item5":10.09,"Item6":4265}},{"Key":"\/Date(1586923200000-0400)\/","Value":{"Item1":-2147483638,"Item2":10.03,"Item3":10.03,"Item4":10.03,"Item5":10.03,"Item6":362}},{"Key":"\/Date(1587009600000-0400)\/","Value":{"Item1":-2147483638,"Item2":10.05,"Item3":10.09,"Item4":10.05,"Item5":10.08,"Item6":798479}},{"Key":"\/Date(1587096000000-0400)\/","Value":{"Item1":-2147483638,"Item2":10.119,"Item3":10.119,"Item4":10.0746,"Item5":10.1,"Item6":627296}},{"Key":"\/Date(1587355200000-0400)\/","Value":{"Item1":-2147483638,"Item2":10.1002,"Item3":10.1002,"Item4":10.1,"Item5":10.1,"Item6":2300}},{"Key":"\/Date(1587441600000-0400)\/","Value":{"Item1":-2147483638,"Item2":10.07,"Item3":10.14,"Item4":10.06,"Item5":10.07,"Item6":292367}},{"Key":"\/Date(1587528000000-0400)\/","Value":{"Item1":-2147483638,"Item2":10.07,"Item3":10.4,"Item4":10.07,"Item5":10.35,"Item6":156133}},{"Key":"\/Date(1587614400000-0400)\/","Value":{"Item1":-2147483638,"Item2":10.35,"Item3":10.35,"Item4":10.35,"Item5":10.35,"Item6":1}},{"Key":"\/Date(1587700800000-0400)\/","Value":{"Item1":-2147483638,"Item2":10.34,"Item3":10.34,"Item4":10.34,"Item5":10.34,"Item6":100}},{"Key":"\/Date(1587960000000-0400)\/","Value":{"Item1":-2147483638,"Item2":10.34,"Item3":10.34,"Item4":10.34,"Item5":10.34,"Item6":0}},{"Key":"\/Date(1588046400000-0400)\/","Value":{"Item1":-2147483638,"Item2":10.3,"Item3":10.3,"Item4":10.12,"Item5":10.28,"Item6":54312}},{"Key":"\/Date(1588132800000-0400)\/","Value":{"Item1":-2147483638,"Item2":10.2,"Item3":10.24,"Item4":10.15,"Item5":10.15,"Item6":2985}},{"Key":"\/Date(1588219200000-0400)\/","Value":{"Item1":-2147483638,"Item2":10.17,"Item3":10.39,"Item4":10.17,"Item5":10.2,"Item6":35913}},{"Key":"\/Date(1588305600000-0400)\/","Value":{"Item1":-2147483638,"Item2":10.2,"Item3":10.25,"Item4":10.2,"Item5":10.2,"Item6":296079}},{"Key":"\/Date(1588564800000-0400)\/","Value":{"Item1":-2147483638,"Item2":10.21,"Item3":10.25,"Item4":10.18,"Item5":10.2,"Item6":303231}},{"Key":"\/Date(1588651200000-0400)\/","Value":{"Item1":-2147483638,"Item2":10.2,"Item3":10.2,"Item4":10.2,"Item5":10.2,"Item6":100}},{"Key":"\/Date(1588737600000-0400)\/","Value":{"Item1":-2147483638,"Item2":10.2,"Item3":10.2,"Item4":10.2,"Item5":10.2,"Item6":120669}},{"Key":"\/Date(1588824000000-0400)\/","Value":{"Item1":-2147483638,"Item2":10.2,"Item3":10.2,"Item4":10.2,"Item5":10.2,"Item6":82}},{"Key":"\/Date(1588910400000-0400)\/","Value":{"Item1":-2147483638,"Item2":10.25,"Item3":10.25,"Item4":10.2,"Item5":10.2,"Item6":300645}},{"Key":"\/Date(1589169600000-0400)\/","Value":{"Item1":-2147483638,"Item2":10.22,"Item3":10.22,"Item4":10.22,"Item5":10.22,"Item6":367}},{"Key":"\/Date(1589256000000-0400)\/","Value":{"Item1":-2147483638,"Item2":10.25,"Item3":10.39,"Item4":10.19,"Item5":10.19,"Item6":31704}},{"Key":"\/Date(1589342400000-0400)\/","Value":{"Item1":-2147483638,"Item2":10.25,"Item3":10.27,"Item4":10.25,"Item5":10.26,"Item6":624}},{"Key":"\/Date(1589428800000-0400)\/","Value":{"Item1":-2147483638,"Item2":10.25,"Item3":10.25,"Item4":10.25,"Item5":10.25,"Item6":31599}},{"Key":"\/Date(1589515200000-0400)\/","Value":{"Item1":-2147483638,"Item2":10.25,"Item3":10.25,"Item4":10.25,"Item5":10.25,"Item6":13}},{"Key":"\/Date(1589774400000-0400)\/","Value":{"Item1":-2147483638,"Item2":10.25,"Item3":10.25,"Item4":10.25,"Item5":10.25,"Item6":21}},{"Key":"\/Date(1589860800000-0400)\/","Value":{"Item1":-2147483638,"Item2":10.25,"Item3":10.25,"Item4":10.25,"Item5":10.25,"Item6":556}},{"Key":"\/Date(1589947200000-0400)\/","Value":{"Item1":-2147483638,"Item2":10.25,"Item3":10.25,"Item4":10.25,"Item5":10.25,"Item6":0}},{"Key":"\/Date(1590033600000-0400)\/","Value":{"Item1":-2147483638,"Item2":10.3,"Item3":10.3,"Item4":10.3,"Item5":10.3,"Item6":1186}},{"Key":"\/Date(1590120000000-0400)\/","Value":{"Item1":-2147483638,"Item2":10.3,"Item3":10.3,"Item4":10.3,"Item5":10.3,"Item6":94}},{"Key":"\/Date(1590465600000-0400)\/","Value":{"Item1":-2147483638,"Item2":10.25,"Item3":10.25,"Item4":10.25,"Item5":10.25,"Item6":23172}},{"Key":"\/Date(1590552000000-0400)\/","Value":{"Item1":-2147483638,"Item2":10.26,"Item3":10.3,"Item4":10.25,"Item5":10.25,"Item6":399428}},{"Key":"\/Date(1590638400000-0400)\/","Value":{"Item1":-2147483638,"Item2":10.25,"Item3":10.25,"Item4":10.25,"Item5":10.25,"Item6":6}},{"Key":"\/Date(1590724800000-0400)\/","Value":{"Item1":-2147483638,"Item2":10.35,"Item3":10.35,"Item4":10.25,"Item5":10.25,"Item6":61435}},{"Key":"\/Date(1590984000000-0400)\/","Value":{"Item1":-2147483638,"Item2":10.25,"Item3":10.3667,"Item4":10.25,"Item5":10.34,"Item6":662328}},{"Key":"\/Date(1591070400000-0400)\/","Value":{"Item1":-2147483638,"Item2":10.365,"Item3":10.365,"Item4":10.33,"Item5":10.3329,"Item6":1874}},{"Key":"\/Date(1591156800000-0400)\/","Value":{"Item1":-2147483638,"Item2":10.3187,"Item3":10.4,"Item4":10.3187,"Item5":10.35,"Item6":3841}},{"Key":"\/Date(1591243200000-0400)\/","Value":{"Item1":-2147483638,"Item2":10.35,"Item3":10.4,"Item4":10.35,"Item5":10.35,"Item6":3900}},{"Key":"\/Date(1591329600000-0400)\/","Value":{"Item1":-2147483638,"Item2":10.35,"Item3":10.36,"Item4":10.33,"Item5":10.33,"Item6":12130}},{"Key":"\/Date(1591588800000-0400)\/","Value":{"Item1":-2147483638,"Item2":10.35,"Item3":10.65,"Item4":10.33,"Item5":10.35,"Item6":255348}},{"Key":"\/Date(1591675200000-0400)\/","Value":{"Item1":-2147483638,"Item2":10.35,"Item3":10.62,"Item4":10.34,"Item5":10.35,"Item6":540685}},{"Key":"\/Date(1591761600000-0400)\/","Value":{"Item1":-2147483638,"Item2":10.34,"Item3":10.71,"Item4":10.34,"Item5":10.5,"Item6":134085}},{"Key":"\/Date(1591848000000-0400)\/","Value":{"Item1":-2147483638,"Item2":10.45,"Item3":10.45,"Item4":10.45,"Item5":10.45,"Item6":747}},{"Key":"\/Date(1591934400000-0400)\/","Value":{"Item1":-2147483638,"Item2":10.58,"Item3":10.75,"Item4":10.575,"Item5":10.6,"Item6":602406}},{"Key":"\/Date(1592193600000-0400)\/","Value":{"Item1":-2147483638,"Item2":10.45,"Item3":10.69,"Item4":10.45,"Item5":10.6,"Item6":205477}},{"Key":"\/Date(1592280000000-0400)\/","Value":{"Item1":-2147483638,"Item2":10.6,"Item3":10.66,"Item4":10.57,"Item5":10.6,"Item6":10839}},{"Key":"\/Date(1592366400000-0400)\/","Value":{"Item1":-2147483638,"Item2":10.59,"Item3":10.82,"Item4":10.577,"Item5":10.71,"Item6":263100}},{"Key":"\/Date(1592452800000-0400)\/","Value":{"Item1":-2147483638,"Item2":10.68,"Item3":10.8,"Item4":10.5,"Item5":10.68,"Item6":32768}},{"Key":"\/Date(1592539200000-0400)\/","Value":{"Item1":-2147483638,"Item2":10.6,"Item3":10.75,"Item4":10.6,"Item5":10.65,"Item6":93856}},{"Key":"\/Date(1592798400000-0400)\/","Value":{"Item1":-2147483638,"Item2":10.65,"Item3":10.7247,"Item4":10.475,"Item5":10.6271,"Item6":20067}},{"Key":"\/Date(1592884800000-0400)\/","Value":{"Item1":-2147483638,"Item2":10.66,"Item3":10.72,"Item4":10.66,"Item5":10.72,"Item6":638}},{"Key":"\/Date(1592971200000-0400)\/","Value":{"Item1":-2147483638,"Item2":10.72,"Item3":10.78,"Item4":10.72,"Item5":10.72,"Item6":16832}},{"Key":"\/Date(1593057600000-0400)\/","Value":{"Item1":-2147483638,"Item2":10.71,"Item3":10.72,"Item4":10.5001,"Item5":10.64,"Item6":103110}},{"Key":"\/Date(1593144000000-0400)\/","Value":{"Item1":-2147483638,"Item2":10.57,"Item3":10.57,"Item4":10.57,"Item5":10.57,"Item6":2437}},{"Key":"\/Date(1593403200000-0400)\/","Value":{"Item1":-2147483638,"Item2":10.6,"Item3":10.645,"Item4":10.57,"Item5":10.6,"Item6":23346}},{"Key":"\/Date(1593489600000-0400)\/","Value":{"Item1":-2147483638,"Item2":10.605,"Item3":10.7,"Item4":10.6,"Item5":10.69,"Item6":234482}},{"Key":"\/Date(1593576000000-0400)\/","Value":{"Item1":-2147483638,"Item2":10.6,"Item3":10.7,"Item4":10.53,"Item5":10.6,"Item6":69831}},{"Key":"\/Date(1593662400000-0400)\/","Value":{"Item1":-2147483638,"Item2":10.6,"Item3":11.02,"Item4":10.6,"Item5":10.86,"Item6":130577}},{"Key":"\/Date(1594008000000-0400)\/","Value":{"Item1":-2147483638,"Item2":10.99,"Item3":10.99,"Item4":10.68,"Item5":10.8,"Item6":125880}},{"Key":"\/Date(1594094400000-0400)\/","Value":{"Item1":-2147483638,"Item2":10.825,"Item3":10.95,"Item4":10.78,"Item5":10.78,"Item6":324884}},{"Key":"\/Date(1594180800000-0400)\/","Value":{"Item1":-2147483638,"Item2":10.75,"Item3":10.9,"Item4":10.73,"Item5":10.75,"Item6":86453}},{"Key":"\/Date(1594267200000-0400)\/","Value":{"Item1":-2147483638,"Item2":10.75,"Item3":10.97,"Item4":10.67,"Item5":10.9,"Item6":84814}},{"Key":"\/Date(1594353600000-0400)\/","Value":{"Item1":-2147483638,"Item2":10.905,"Item3":11.025,"Item4":10.8509,"Item5":11,"Item6":186019}},{"Key":"\/Date(1594612800000-0400)\/","Value":{"Item1":-2147483638,"Item2":11,"Item3":11.1,"Item4":10.69,"Item5":10.81,"Item6":729267}},{"Key":"\/Date(1594699200000-0400)\/","Value":{"Item1":-2147483638,"Item2":10.7201,"Item3":11,"Item4":10.7201,"Item5":10.86,"Item6":85938}},{"Key":"\/Date(1594785600000-0400)\/","Value":{"Item1":-2147483638,"Item2":10.9,"Item3":10.94,"Item4":10.77,"Item5":10.88,"Item6":71079}},{"Key":"\/Date(1594872000000-0400)\/","Value":{"Item1":-2147483638,"Item2":10.78,"Item3":11,"Item4":10.78,"Item5":10.95,"Item6":135961}},{"Key":"\/Date(1594958400000-0400)\/","Value":{"Item1":-2147483638,"Item2":10.95,"Item3":11.1,"Item4":10.95,"Item5":11.1,"Item6":47793}},{"Key":"\/Date(1595217600000-0400)\/","Value":{"Item1":-2147483638,"Item2":10.98,"Item3":11.05,"Item4":10.93,"Item5":10.99,"Item6":16553}},{"Key":"\/Date(1595304000000-0400)\/","Value":{"Item1":-2147483638,"Item2":11,"Item3":11.15,"Item4":10.87,"Item5":11.02,"Item6":193723}},{"Key":"\/Date(1595390400000-0400)\/","Value":{"Item1":-2147483638,"Item2":10.87,"Item3":11.9,"Item4":10.87,"Item5":11.07,"Item6":356034}},{"Key":"\/Date(1595476800000-0400)\/","Value":{"Item1":-2147483638,"Item2":11.15,"Item3":11.15,"Item4":10.86,"Item5":10.9,"Item6":79071}},{"Key":"\/Date(1595563200000-0400)\/","Value":{"Item1":-2147483638,"Item2":10.99,"Item3":11.13,"Item4":10.9,"Item5":11.04,"Item6":64431}},{"Key":"\/Date(1595822400000-0400)\/","Value":{"Item1":-2147483638,"Item2":11.14,"Item3":11.15,"Item4":10.9,"Item5":11.05,"Item6":50683}},{"Key":"\/Date(1595908800000-0400)\/","Value":{"Item1":-2147483638,"Item2":11,"Item3":11.05,"Item4":10.92,"Item5":10.96,"Item6":8075}},{"Key":"\/Date(1595995200000-0400)\/","Value":{"Item1":-2147483638,"Item2":11.05,"Item3":11.05,"Item4":10.68,"Item5":10.8,"Item6":129138}},{"Key":"\/Date(1596081600000-0400)\/","Value":{"Item1":-2147483638,"Item2":10.8,"Item3":11,"Item4":10.61,"Item5":10.61,"Item6":298730}},{"Key":"\/Date(1596168000000-0400)\/","Value":{"Item1":-2147483638,"Item2":10.7128,"Item3":10.728,"Item4":10.4001,"Item5":10.43,"Item6":135433}},{"Key":"\/Date(1596427200000-0400)\/","Value":{"Item1":-2147483638,"Item2":10.55,"Item3":10.595,"Item4":10.21,"Item5":10.45,"Item6":108984}},{"Key":"\/Date(1596513600000-0400)\/","Value":{"Item1":-2147483638,"Item2":10.4,"Item3":10.425,"Item4":10.36,"Item5":10.4,"Item6":156351}},{"Key":"\/Date(1596600000000-0400)\/","Value":{"Item1":-2147483638,"Item2":10.45,"Item3":10.74,"Item4":10.45,"Item5":10.59,"Item6":436140}},{"Key":"\/Date(1596686400000-0400)\/","Value":{"Item1":-2147483638,"Item2":10.575,"Item3":10.83,"Item4":10.53,"Item5":10.7,"Item6":166075}},{"Key":"\/Date(1596772800000-0400)\/","Value":{"Item1":-2147483638,"Item2":10.65,"Item3":10.7,"Item4":10.44,"Item5":10.7,"Item6":168130}},{"Key":"\/Date(1597032000000-0400)\/","Value":{"Item1":-2147483638,"Item2":10.6229,"Item3":10.7,"Item4":10.474,"Item5":10.64,"Item6":213930}},{"Key":"\/Date(1597118400000-0400)\/","Value":{"Item1":-2147483638,"Item2":10.55,"Item3":10.75,"Item4":10.55,"Item5":10.75,"Item6":65755}},{"Key":"\/Date(1597204800000-0400)\/","Value":{"Item1":-2147483638,"Item2":10.68,"Item3":10.75,"Item4":10.4,"Item5":10.7,"Item6":226741}},{"Key":"\/Date(1597291200000-0400)\/","Value":{"Item1":-2147483638,"Item2":10.63,"Item3":10.71,"Item4":10.57,"Item5":10.71,"Item6":144498}},{"Key":"\/Date(1597377600000-0400)\/","Value":{"Item1":-2147483638,"Item2":10.63,"Item3":10.72,"Item4":10.61,"Item5":10.61,"Item6":22802}},{"Key":"\/Date(1597636800000-0400)\/","Value":{"Item1":-2147483638,"Item2":10.64,"Item3":10.64,"Item4":10.54,"Item5":10.54,"Item6":12210}},{"Key":"\/Date(1597723200000-0400)\/","Value":{"Item1":-2147483638,"Item2":10.53,"Item3":10.55,"Item4":10.36,"Item5":10.38,"Item6":85932}},{"Key":"\/Date(1597809600000-0400)\/","Value":{"Item1":-2147483638,"Item2":10.45,"Item3":10.55,"Item4":10.31,"Item5":10.35,"Item6":48280}},{"Key":"\/Date(1597896000000-0400)\/","Value":{"Item1":-2147483638,"Item2":10.45,"Item3":10.7,"Item4":10.3,"Item5":10.55,"Item6":742343}},{"Key":"\/Date(1597982400000-0400)\/","Value":{"Item1":-2147483638,"Item2":10.64,"Item3":10.67,"Item4":10.42,"Item5":10.51,"Item6":27197}},{"Key":"\/Date(1598241600000-0400)\/","Value":{"Item1":-2147483638,"Item2":11.5,"Item3":11.6,"Item4":10.83,"Item5":11.4,"Item6":12718338}},{"Key":"\/Date(1598328000000-0400)\/","Value":{"Item1":-2147483638,"Item2":11.7,"Item3":11.8,"Item4":11.23,"Item5":11.39,"Item6":6055317}},{"Key":"\/Date(1598414400000-0400)\/","Value":{"Item1":-2147483638,"Item2":11.54,"Item3":11.55,"Item4":10.83,"Item5":11.13,"Item6":2021810}},{"Key":"\/Date(1598500800000-0400)\/","Value":{"Item1":-2147483638,"Item2":11.09,"Item3":11.23,"Item4":10.795,"Item5":10.95,"Item6":1733207}},{"Key":"\/Date(1598587200000-0400)\/","Value":{"Item1":-2147483638,"Item2":11.09,"Item3":11.1892,"Item4":10.92,"Item5":11.12,"Item6":1273842}},{"Key":"\/Date(1598846400000-0400)\/","Value":{"Item1":-2147483638,"Item2":11.2609,"Item3":11.35,"Item4":10.95,"Item5":11.01,"Item6":1093045}},{"Key":"\/Date(1598932800000-0400)\/","Value":{"Item1":-2147483638,"Item2":11.17,"Item3":11.54,"Item4":11.01,"Item5":11.5,"Item6":1407255}},{"Key":"\/Date(1599019200000-0400)\/","Value":{"Item1":-2147483638,"Item2":11.63,"Item3":12.25,"Item4":11.5,"Item5":11.94,"Item6":4434221}},{"Key":"\/Date(1599105600000-0400)\/","Value":{"Item1":-2147483638,"Item2":11.85,"Item3":11.9,"Item4":11.19,"Item5":11.4,"Item6":2100421}},{"Key":"\/Date(1599192000000-0400)\/","Value":{"Item1":-2147483638,"Item2":11.5,"Item3":12.1,"Item4":11.03,"Item5":11.9,"Item6":1999434}},{"Key":"\/Date(1599537600000-0400)\/","Value":{"Item1":-2147483638,"Item2":11.73,"Item3":12.34,"Item4":11.7,"Item5":11.88,"Item6":2260943}},{"Key":"\/Date(1599624000000-0400)\/","Value":{"Item1":-2147483638,"Item2":12.24,"Item3":12.3,"Item4":11.8,"Item5":12.27,"Item6":1891852}},{"Key":"\/Date(1599710400000-0400)\/","Value":{"Item1":-2147483638,"Item2":12.7,"Item3":12.75,"Item4":12.3807,"Item5":12.47,"Item6":1913607}},{"Key":"\/Date(1599796800000-0400)\/","Value":{"Item1":-2147483638,"Item2":12.87,"Item3":12.92,"Item4":12.3717,"Item5":12.58,"Item6":1859708}},{"Key":"\/Date(1600056000000-0400)\/","Value":{"Item1":-2147483638,"Item2":13.26,"Item3":13.47,"Item4":13,"Item5":13.1,"Item6":2681285}},{"Key":"\/Date(1600142400000-0400)\/","Value":{"Item1":-2147483638,"Item2":13.15,"Item3":13.7,"Item4":13.15,"Item5":13.47,"Item6":2773064}},{"Key":"\/Date(1600228800000-0400)\/","Value":{"Item1":-2147483638,"Item2":13.55,"Item3":13.62,"Item4":12.65,"Item5":12.67,"Item6":2038013}},{"Key":"\/Date(1600315200000-0400)\/","Value":{"Item1":-2147483638,"Item2":12.72,"Item3":13.15,"Item4":12.29,"Item5":12.5,"Item6":2030685}},{"Key":"\/Date(1600401600000-0400)\/","Value":{"Item1":-2147483638,"Item2":12.62,"Item3":12.7,"Item4":11.96,"Item5":12.12,"Item6":1685853}},{"Key":"\/Date(1600660800000-0400)\/","Value":{"Item1":-2147483638,"Item2":12,"Item3":12.49,"Item4":11.39,"Item5":12.2,"Item6":2337017}},{"Key":"\/Date(1600747200000-0400)\/","Value":{"Item1":-2147483638,"Item2":12.4,"Item3":12.49,"Item4":11.75,"Item5":11.87,"Item6":1458120}},{"Key":"\/Date(1600833600000-0400)\/","Value":{"Item1":-2147483638,"Item2":11.93,"Item3":12,"Item4":11.12,"Item5":11.7,"Item6":1767060}},{"Key":"\/Date(1600920000000-0400)\/","Value":{"Item1":-2147483638,"Item2":11.15,"Item3":11.5,"Item4":10.85,"Item5":11.4,"Item6":2426974}},{"Key":"\/Date(1601006400000-0400)\/","Value":{"Item1":-2147483638,"Item2":11.35,"Item3":11.4,"Item4":11.175,"Item5":11.39,"Item6":951911}},{"Key":"\/Date(1601265600000-0400)\/","Value":{"Item1":-2147483638,"Item2":11.69,"Item3":11.92,"Item4":11.5,"Item5":11.68,"Item6":1142796}},{"Key":"\/Date(1601352000000-0400)\/","Value":{"Item1":-2147483638,"Item2":11.95,"Item3":11.95,"Item4":11.49,"Item5":11.9,"Item6":946161}},{"Key":"\/Date(1601438400000-0400)\/","Value":{"Item1":-2147483638,"Item2":11.86,"Item3":11.915,"Item4":11.315,"Item5":11.42,"Item6":827342}},{"Key":"\/Date(1601524800000-0400)\/","Value":{"Item1":-2147483638,"Item2":11.52,"Item3":11.7,"Item4":10.8,"Item5":10.85,"Item6":1801418}},{"Key":"\/Date(1601611200000-0400)\/","Value":{"Item1":-2147483638,"Item2":10.68,"Item3":11.09,"Item4":10.56,"Item5":10.88,"Item6":1399736}},{"Key":"\/Date(1601870400000-0400)\/","Value":{"Item1":-2147483638,"Item2":11.05,"Item3":11.15,"Item4":10.5301,"Item5":10.78,"Item6":1632795}},{"Key":"\/Date(1601956800000-0400)\/","Value":{"Item1":-2147483638,"Item2":10.82,"Item3":10.835,"Item4":10.31,"Item5":10.55,"Item6":2103934}},{"Key":"\/Date(1602043200000-0400)\/","Value":{"Item1":-2147483638,"Item2":10.53,"Item3":10.7,"Item4":10.45,"Item5":10.54,"Item6":867188}},{"Key":"\/Date(1602129600000-0400)\/","Value":{"Item1":-2147483638,"Item2":10.51,"Item3":10.6,"Item4":10.44,"Item5":10.5,"Item6":829748}},{"Key":"\/Date(1602216000000-0400)\/","Value":{"Item1":-2147483638,"Item2":10.6,"Item3":10.825,"Item4":10.47,"Item5":10.55,"Item6":885889}},{"Key":"\/Date(1602475200000-0400)\/","Value":{"Item1":-2147483638,"Item2":10.7,"Item3":10.76,"Item4":10.53,"Item5":10.63,"Item6":792295}},{"Key":"\/Date(1602561600000-0400)\/","Value":{"Item1":-2147483638,"Item2":10.65,"Item3":10.78,"Item4":10.49,"Item5":10.57,"Item6":610797}},{"Key":"\/Date(1602648000000-0400)\/","Value":{"Item1":-2147483638,"Item2":10.69,"Item3":10.73,"Item4":10.55,"Item5":10.6,"Item6":971629}},{"Key":"\/Date(1602734400000-0400)\/","Value":{"Item1":-2147483638,"Item2":10.58,"Item3":10.69,"Item4":10.49,"Item5":10.51,"Item6":443409}},{"Key":"\/Date(1602820800000-0400)\/","Value":{"Item1":-2147483638,"Item2":10.69,"Item3":10.75,"Item4":10.51,"Item5":10.57,"Item6":398266}},{"Key":"\/Date(1603080000000-0400)\/","Value":{"Item1":-2147483638,"Item2":10.67,"Item3":10.67,"Item4":10.35,"Item5":10.4,"Item6":606265}},{"Key":"\/Date(1603166400000-0400)\/","Value":{"Item1":-2147483638,"Item2":10.51,"Item3":10.53,"Item4":10.3,"Item5":10.33,"Item6":635117}},{"Key":"\/Date(1603252800000-0400)\/","Value":{"Item1":-2147483638,"Item2":10.4,"Item3":10.43,"Item4":10.13,"Item5":10.3,"Item6":1478351}},{"Key":"\/Date(1603339200000-0400)\/","Value":{"Item1":-2147483638,"Item2":10.16,"Item3":10.27,"Item4":10.135,"Item5":10.21,"Item6":731219}},{"Key":"\/Date(1603425600000-0400)\/","Value":{"Item1":-2147483638,"Item2":10.2,"Item3":10.275,"Item4":10.15,"Item5":10.21,"Item6":993863}},{"Key":"\/Date(1603684800000-0400)\/","Value":{"Item1":-2147483638,"Item2":10.19,"Item3":10.2,"Item4":10.06,"Item5":10.14,"Item6":1512862}},{"Key":"\/Date(1603771200000-0400)\/","Value":{"Item1":-2147483638,"Item2":10.165,"Item3":10.18,"Item4":10.0918,"Item5":10.13,"Item6":802904}},{"Key":"\/Date(1603857600000-0400)\/","Value":{"Item1":-2147483638,"Item2":10.06,"Item3":10.11,"Item4":9.95,"Item5":10.08,"Item6":1182914}},{"Key":"\/Date(1603944000000-0400)\/","Value":{"Item1":-2147483638,"Item2":10.14,"Item3":10.15,"Item4":10.06,"Item5":10.09,"Item6":272517}},{"Key":"\/Date(1604030400000-0400)\/","Value":{"Item1":-2147483638,"Item2":10.25,"Item3":10.27,"Item4":10.07,"Item5":10.2,"Item6":1865482}},{"Key":"\/Date(1604293200000-0500)\/","Value":{"Item1":-2147483638,"Item2":10.15,"Item3":10.23,"Item4":10.13,"Item5":10.15,"Item6":386371}},{"Key":"\/Date(1604379600000-0500)\/","Value":{"Item1":-2147483638,"Item2":10.15,"Item3":10.22,"Item4":10.14,"Item5":10.18,"Item6":375293}},{"Key":"\/Date(1604466000000-0500)\/","Value":{"Item1":-2147483638,"Item2":10.18,"Item3":10.25,"Item4":10.16,"Item5":10.2,"Item6":541278}},{"Key":"\/Date(1604552400000-0500)\/","Value":{"Item1":-2147483638,"Item2":10.2,"Item3":10.28,"Item4":10.14,"Item5":10.24,"Item6":1305406}},{"Key":"\/Date(1604638800000-0500)\/","Value":{"Item1":-2147483638,"Item2":10.3,"Item3":10.39,"Item4":10.235,"Item5":10.28,"Item6":1058981}},{"Key":"\/Date(1604898000000-0500)\/","Value":{"Item1":-2147483638,"Item2":10.3,"Item3":10.38,"Item4":10.14,"Item5":10.16,"Item6":815073}},{"Key":"\/Date(1604984400000-0500)\/","Value":{"Item1":-2147483638,"Item2":10.25,"Item3":10.3,"Item4":10.18,"Item5":10.19,"Item6":935340}},{"Key":"\/Date(1605070800000-0500)\/","Value":{"Item1":-2147483638,"Item2":10.3,"Item3":10.3,"Item4":10.16,"Item5":10.17,"Item6":669086}},{"Key":"\/Date(1605157200000-0500)\/","Value":{"Item1":-2147483638,"Item2":10.2,"Item3":10.22,"Item4":10.11,"Item5":10.14,"Item6":1088666}},{"Key":"\/Date(1605243600000-0500)\/","Value":{"Item1":-2147483638,"Item2":10.15,"Item3":10.18,"Item4":10.13,"Item5":10.16,"Item6":1396843}},{"Key":"\/Date(1605502800000-0500)\/","Value":{"Item1":-2147483638,"Item2":10.22,"Item3":10.28,"Item4":10.17,"Item5":10.19,"Item6":723892}},{"Key":"\/Date(1605589200000-0500)\/","Value":{"Item1":-2147483638,"Item2":10.24,"Item3":10.25,"Item4":10.18,"Item5":10.2,"Item6":493236}},{"Key":"\/Date(1605675600000-0500)\/","Value":{"Item1":-2147483638,"Item2":10.25,"Item3":10.29,"Item4":10.19,"Item5":10.2,"Item6":1250839}},{"Key":"\/Date(1605762000000-0500)\/","Value":{"Item1":-2147483638,"Item2":10.25,"Item3":10.74,"Item4":10.22,"Item5":10.6,"Item6":2727942}},{"Key":"\/Date(1605848400000-0500)\/","Value":{"Item1":-2147483638,"Item2":11.02,"Item3":12.88,"Item4":10.81,"Item5":12.75,"Item6":13962840}},{"Key":"\/Date(1606107600000-0500)\/","Value":{"Item1":-2147483638,"Item2":13.3,"Item3":14.5,"Item4":12.75,"Item5":12.9,"Item6":8458474}},{"Key":"\/Date(1606194000000-0500)\/","Value":{"Item1":-2147483638,"Item2":13.6152,"Item3":14,"Item4":12.7,"Item5":13.6,"Item6":5041172}},{"Key":"\/Date(1606280400000-0500)\/","Value":{"Item1":-2147483638,"Item2":13.25,"Item3":13.69,"Item4":12.9412,"Item5":13.59,"Item6":3057117}},{"Key":"\/Date(1606453200000-0500)\/","Value":{"Item1":-2147483638,"Item2":13.99,"Item3":15.7,"Item4":13.92,"Item5":15.39,"Item6":4633536}},{"Key":"\/Date(1606712400000-0500)\/","Value":{"Item1":-2147483638,"Item2":17.14,"Item3":18.9399,"Item4":16.16,"Item5":18.4,"Item6":10362415}},{"Key":"\/Date(1606798800000-0500)\/","Value":{"Item1":-2147483638,"Item2":18.95,"Item3":19.71,"Item4":16.3,"Item5":17,"Item6":7200436}},{"Key":"\/Date(1606885200000-0500)\/","Value":{"Item1":-2147483638,"Item2":15.5,"Item3":18.59,"Item4":14,"Item5":18,"Item6":10648201}},{"Key":"\/Date(1606971600000-0500)\/","Value":{"Item1":-2147483638,"Item2":23.65,"Item3":24.97,"Item4":19.1,"Item5":22.98,"Item6":32274366}},{"Key":"\/Date(1607058000000-0500)\/","Value":{"Item1":-2147483638,"Item2":29.53,"Item3":34.44,"Item4":27.85,"Item5":31.4,"Item6":66999991}},{"Key":"\/Date(1607317200000-0500)\/","Value":{"Item1":-2147483638,"Item2":33,"Item3":43.38,"Item4":33,"Item5":40.88,"Item6":58620440}},{"Key":"\/Date(1607403600000-0500)\/","Value":{"Item1":-2147483638,"Item2":46.59,"Item3":47.8,"Item4":36.77,"Item5":41.8,"Item6":67770118}},{"Key":"\/Date(1607490000000-0500)\/","Value":{"Item1":-2147483638,"Item2":40.12,"Item3":41.93,"Item4":35,"Item5":36.92,"Item6":24510759}},{"Key":"\/Date(1607576400000-0500)\/","Value":{"Item1":-2147483638,"Item2":34.3,"Item3":37.2,"Item4":33.33,"Item5":34.17,"Item6":15101902}},{"Key":"\/Date(1607662800000-0500)\/","Value":{"Item1":-2147483638,"Item2":31.98,"Item3":33.21,"Item4":27.69,"Item5":28.12,"Item6":22200959}},{"Key":"\/Date(1607922000000-0500)\/","Value":{"Item1":-2147483638,"Item2":30.35,"Item3":30.5,"Item4":25.85,"Item5":27.76,"Item6":23704707}},{"Key":"\/Date(1608008400000-0500)\/","Value":{"Item1":-2147483638,"Item2":28.67,"Item3":30.34,"Item4":22.32,"Item5":22.87,"Item6":37453061}},{"Key":"\/Date(1608094800000-0500)\/","Value":{"Item1":-2147483638,"Item2":25.17,"Item3":26,"Item4":23.7,"Item5":24.7,"Item6":20439851}},{"Key":"\/Date(1608181200000-0500)\/","Value":{"Item1":-2147483638,"Item2":26.18,"Item3":26.85,"Item4":25,"Item5":25.12,"Item6":11011042}},{"Key":"\/Date(1608267600000-0500)\/","Value":{"Item1":-2147483638,"Item2":26.36,"Item3":27.63,"Item4":25.64,"Item5":27.62,"Item6":13912386}},{"Key":"\/Date(1608526800000-0500)\/","Value":{"Item1":-2147483638,"Item2":29.17,"Item3":35.25,"Item4":28.31,"Item5":35.15,"Item6":36963703}},{"Key":"\/Date(1608613200000-0500)\/","Value":{"Item1":-2147483638,"Item2":38.17,"Item3":39.72,"Item4":35.31,"Item5":37.37,"Item6":30486142}},{"Key":"\/Date(1608699600000-0500)\/","Value":{"Item1":-2147483638,"Item2":36.15,"Item3":36.96,"Item4":33.01,"Item5":35.22,"Item6":13685507}},{"Key":"\/Date(1608786000000-0500)\/","Value":{"Item1":-2147483638,"Item2":34.15,"Item3":34.885,"Item4":32,"Item5":33.06,"Item6":8529620}},{"Key":"\/Date(1609131600000-0500)\/","Value":{"Item1":-2147483638,"Item2":34.27,"Item3":34.3,"Item4":30.65,"Item5":31.05,"Item6":6781368}},{"Key":"\/Date(1609218000000-0500)\/","Value":{"Item1":-2147483638,"Item2":31,"Item3":35.47,"Item4":30.2,"Item5":32.36,"Item6":18468913}},{"Key":"\/Date(1609304400000-0500)\/","Value":{"Item1":-2147483638,"Item2":33.57,"Item3":36.22,"Item4":33,"Item5":36.14,"Item6":13273571}},{"Key":"\/Date(1609390800000-0500)\/","Value":{"Item1":-2147483638,"Item2":35.885,"Item3":35.99,"Item4":33.35,"Item5":34,"Item6":6931096}},{"Key":"\/Date(1609736400000-0500)\/","Value":{"Item1":-2147483638,"Item2":34,"Item3":35.2,"Item4":30.66,"Item5":31.34,"Item6":8199088}},{"Key":"\/Date(1609822800000-0500)\/","Value":{"Item1":-2147483638,"Item2":30,"Item3":30.76,"Item4":28.52,"Item5":30.05,"Item6":6716400}},{"Key":"\/Date(1609909200000-0500)\/","Value":{"Item1":-2147483638,"Item2":30.42,"Item3":31.9,"Item4":30.03,"Item5":30.67,"Item6":4775010}},{"Key":"\/Date(1609995600000-0500)\/","Value":{"Item1":-2147483638,"Item2":31.52,"Item3":33.48,"Item4":31.3,"Item5":32.13,"Item6":6259911}},{"Key":"\/Date(1610082000000-0500)\/","Value":{"Item1":-2147483638,"Item2":32.69,"Item3":35.25,"Item4":31.8,"Item5":32.99,"Item6":7701218}},{"Key":"\/Date(1610341200000-0500)\/","Value":{"Item1":-2147483638,"Item2":32.01,"Item3":33.25,"Item4":30.8,"Item5":31.46,"Item6":6754127}},{"Key":"\/Date(1610427600000-0500)\/","Value":{"Item1":-2147483638,"Item2":31.54,"Item3":31.95,"Item4":30.1,"Item5":31.47,"Item6":5387710}},{"Key":"\/Date(1610514000000-0500)\/","Value":{"Item1":-2147483638,"Item2":32.5,"Item3":35.75,"Item4":31.35,"Item5":33.32,"Item6":13526825}},{"Key":"\/Date(1610600400000-0500)\/","Value":{"Item1":-2147483638,"Item2":33.9,"Item3":33.9,"Item4":31.7,"Item5":32.37,"Item6":7285963}},{"Key":"\/Date(1610686800000-0500)\/","Value":{"Item1":-2147483638,"Item2":32.38,"Item3":32.68,"Item4":30.5,"Item5":30.54,"Item6":5252554}},{"Key":"\/Date(1611032400000-0500)\/","Value":{"Item1":-2147483638,"Item2":31.03,"Item3":31.23,"Item4":29.5,"Item5":29.85,"Item6":5899236}},{"Key":"\/Date(1611118800000-0500)\/","Value":{"Item1":-2147483638,"Item2":30.4,"Item3":33.74,"Item4":29.5,"Item5":32.37,"Item6":14321831}},{"Key":"\/Date(1611205200000-0500)\/","Value":{"Item1":-2147483638,"Item2":32.42,"Item3":34.3,"Item4":32,"Item5":32.85,"Item6":7799689}},{"Key":"\/Date(1611291600000-0500)\/","Value":{"Item1":-2147483638,"Item2":32.3,"Item3":34.4,"Item4":31.75,"Item5":34,"Item6":6326265}},{"Key":"\/Date(1611550800000-0500)\/","Value":{"Item1":-2147483638,"Item2":35.43,"Item3":38.47,"Item4":33.2,"Item5":37.45,"Item6":18481609}},{"Key":"\/Date(1611637200000-0500)\/","Value":{"Item1":-2147483638,"Item2":37.4,"Item3":38.2,"Item4":34.79,"Item5":36.32,"Item6":8059774}},{"Key":"\/Date(1611723600000-0500)\/","Value":{"Item1":-2147483638,"Item2":34.87,"Item3":40.98,"Item4":33.86,"Item5":35.24,"Item6":15043886}},{"Key":"\/Date(1611810000000-0500)\/","Value":{"Item1":-2147483638,"Item2":35.6,"Item3":36.39,"Item4":32.64,"Item5":34.01,"Item6":5439334}},{"Key":"\/Date(1611896400000-0500)\/","Value":{"Item1":-2147483638,"Item2":34.5,"Item3":34.6098,"Item4":31.25,"Item5":32.7,"Item6":4862119}},{"Key":"\/Date(1612155600000-0500)\/","Value":{"Item1":-2147483638,"Item2":33.415,"Item3":33.5998,"Item4":31.3,"Item5":33.32,"Item6":4321135}},{"Key":"\/Date(1612242000000-0500)\/","Value":{"Item1":-2147483638,"Item2":32.59,"Item3":34.45,"Item4":32.45,"Item5":32.63,"Item6":4456992}},{"Key":"\/Date(1612328400000-0500)\/","Value":{"Item1":-2147483638,"Item2":33.42,"Item3":33.5,"Item4":31.8162,"Item5":32.2,"Item6":4728643}},{"Key":"\/Date(1612414800000-0500)\/","Value":{"Item1":-2147483638,"Item2":32.8054,"Item3":33.67,"Item4":31.82,"Item5":32.86,"Item6":5855518}},{"Key":"\/Date(1612501200000-0500)\/","Value":{"Item1":-2147483638,"Item2":33.13,"Item3":34.62,"Item4":32.67,"Item5":33.35,"Item6":7393290}},{"Key":"\/Date(1612760400000-0500)\/","Value":{"Item1":-2147483638,"Item2":33.8,"Item3":34.83,"Item4":32.15,"Item5":32.75,"Item6":9245479}},{"Key":"\/Date(1612846800000-0500)\/","Value":{"Item1":-2147483638,"Item2":32.65,"Item3":33.87,"Item4":31.53,"Item5":33.75,"Item6":8473937}},{"Key":"\/Date(1612933200000-0500)\/","Value":{"Item1":-2147483638,"Item2":34.41,"Item3":35.7,"Item4":32.11,"Item5":33.72,"Item6":8834485}},{"Key":"\/Date(1613019600000-0500)\/","Value":{"Item1":-2147483638,"Item2":33.6,"Item3":37.35,"Item4":33.18,"Item5":35.94,"Item6":14765123}},{"Key":"\/Date(1613106000000-0500)\/","Value":{"Item1":-2147483638,"Item2":35.9,"Item3":37.89,"Item4":34.7,"Item5":37.73,"Item6":8922706}},{"Key":"\/Date(1613451600000-0500)\/","Value":{"Item1":-2147483638,"Item2":38.8,"Item3":40.15,"Item4":35.16,"Item5":35.53,"Item6":9914878}},{"Key":"\/Date(1613538000000-0500)\/","Value":{"Item1":-2147483638,"Item2":35.2,"Item3":35.2498,"Item4":32.58,"Item5":34.05,"Item6":4981000}},{"Key":"\/Date(1613624400000-0500)\/","Value":{"Item1":-2147483638,"Item2":33.1,"Item3":33.43,"Item4":32.0401,"Item5":32.84,"Item6":4034643}},{"Key":"\/Date(1613710800000-0500)\/","Value":{"Item1":-2147483638,"Item2":33.59,"Item3":35.75,"Item4":32.52,"Item5":33.69,"Item6":8998678}},{"Key":"\/Date(1613970000000-0500)\/","Value":{"Item1":-2147483638,"Item2":33.495,"Item3":33.67,"Item4":30.81,"Item5":31.19,"Item6":7514949}},{"Key":"\/Date(1614056400000-0500)\/","Value":{"Item1":-2147483638,"Item2":29.86,"Item3":29.99,"Item4":25.51,"Item5":29.2,"Item6":7175924}},{"Key":"\/Date(1614142800000-0500)\/","Value":{"Item1":-2147483638,"Item2":29.64,"Item3":29.83,"Item4":28.43,"Item5":29.47,"Item6":3425211}},{"Key":"\/Date(1614229200000-0500)\/","Value":{"Item1":-2147483638,"Item2":29.51,"Item3":30.39,"Item4":27.53,"Item5":28.15,"Item6":3896828}},{"Key":"\/Date(1614315600000-0500)\/","Value":{"Item1":-2147483638,"Item2":27.705,"Item3":28.4,"Item4":26.18,"Item5":27.13,"Item6":4154652}},{"Key":"\/Date(1614574800000-0500)\/","Value":{"Item1":-2147483638,"Item2":27.85,"Item3":29.69,"Item4":27.6192,"Item5":28.97,"Item6":3074645}},{"Key":"\/Date(1614661200000-0500)\/","Value":{"Item1":-2147483638,"Item2":28.92,"Item3":29.46,"Item4":27.75,"Item5":27.8,"Item6":2060924}},{"Key":"\/Date(1614747600000-0500)\/","Value":{"Item1":-2147483638,"Item2":28.39,"Item3":28.54,"Item4":25,"Item5":25.23,"Item6":4505541}},{"Key":"\/Date(1614834000000-0500)\/","Value":{"Item1":-2147483638,"Item2":25.06,"Item3":25.74,"Item4":22,"Item5":23.46,"Item6":7525605}},{"Key":"\/Date(1614920400000-0500)\/","Value":{"Item1":-2147483638,"Item2":23.89,"Item3":23.95,"Item4":19.6,"Item5":22.93,"Item6":7578329}},{"Key":"\/Date(1615179600000-0500)\/","Value":{"Item1":-2147483638,"Item2":23.26,"Item3":23.579,"Item4":21.7002,"Item5":21.745,"Item6":4424558}},{"Key":"\/Date(1615266000000-0500)\/","Value":{"Item1":-2147483638,"Item2":23.1,"Item3":23.6,"Item4":22.18,"Item5":23.03,"Item6":5607037}},{"Key":"\/Date(1615352400000-0500)\/","Value":{"Item1":-2147483638,"Item2":24.005,"Item3":25.95,"Item4":23.6,"Item5":25.03,"Item6":5082417}},{"Key":"\/Date(1615438800000-0500)\/","Value":{"Item1":-2147483638,"Item2":26.38,"Item3":26.43,"Item4":25.5,"Item5":26.29,"Item6":4570177}},{"Key":"\/Date(1615525200000-0500)\/","Value":{"Item1":-2147483638,"Item2":26.15,"Item3":27.76,"Item4":25.39,"Item5":27.46,"Item6":5115195}},{"Key":"\/Date(1615780800000-0400)\/","Value":{"Item1":-2147483638,"Item2":27.98,"Item3":29.94,"Item4":27.8,"Item5":29.12,"Item6":5023535}},{"Key":"\/Date(1615867200000-0400)\/","Value":{"Item1":-2147483638,"Item2":29.5,"Item3":29.71,"Item4":27.214,"Item5":27.91,"Item6":4517466}},{"Key":"\/Date(1615953600000-0400)\/","Value":{"Item1":-2147483638,"Item2":26.72,"Item3":28.03,"Item4":26.3,"Item5":27.46,"Item6":6274946}},{"Key":"\/Date(1616040000000-0400)\/","Value":{"Item1":-2147483638,"Item2":30.48,"Item3":30.95,"Item4":26.1201,"Item5":26.3,"Item6":15115966}},{"Key":"\/Date(1616126400000-0400)\/","Value":{"Item1":-2147483638,"Item2":26.44,"Item3":31.22,"Item4":25.25,"Item5":30.66,"Item6":25988563}}],"Type":0,"m_HistoricalHeadTime":"\/Date(1553486400000-0400)\/"}