{"BarFreq":86400,"ContractKey":{"Item1":"RIDE","Item2":1020,"Item3":"STOCK"},"DataSourceSegments":{"IsReadOnly":false,"PeriodList":[{"Key":{"IsCurrent":false,"m_start":"\/Date(1555473600000-0400)\/","m_stop":"\/Date(1615525200000-0500)\/","m_time":"\/Date(-62135578800000-0500)\/"},"Value":-2147483638}]},"LastUpdateTime":"\/Date(1615510417857-0500)\/","Rows":[{"Key":"\/Date(1555473600000-0400)\/","Value":{"Item1":-2147483638,"Item2":9.74,"Item3":9.74,"Item4":9.74,"Item5":9.74,"Item6":100000}},{"Key":"\/Date(1555560000000-0400)\/","Value":{"Item1":-2147483638,"Item2":9.74,"Item3":9.74,"Item4":9.74,"Item5":9.74,"Item6":0}},{"Key":"\/Date(1555905600000-0400)\/","Value":{"Item1":-2147483638,"Item2":9.74,"Item3":9.74,"Item4":9.74,"Item5":9.74,"Item6":0}},{"Key":"\/Date(1555992000000-0400)\/","Value":{"Item1":-2147483638,"Item2":9.74,"Item3":9.74,"Item4":9.74,"Item5":9.74,"Item6":0}},{"Key":"\/Date(1556078400000-0400)\/","Value":{"Item1":-2147483638,"Item2":9.74,"Item3":9.74,"Item4":9.74,"Item5":9.74,"Item6":0}},{"Key":"\/Date(1556164800000-0400)\/","Value":{"Item1":-2147483638,"Item2":9.74,"Item3":9.74,"Item4":9.74,"Item5":9.74,"Item6":0}},{"Key":"\/Date(1556251200000-0400)\/","Value":{"Item1":-2147483638,"Item2":9.74,"Item3":9.74,"Item4":9.74,"Item5":9.74,"Item6":0}},{"Key":"\/Date(1556510400000-0400)\/","Value":{"Item1":-2147483638,"Item2":9.74,"Item3":9.74,"Item4":9.74,"Item5":9.74,"Item6":0}},{"Key":"\/Date(1556596800000-0400)\/","Value":{"Item1":-2147483638,"Item2":9.74,"Item3":9.74,"Item4":9.74,"Item5":9.74,"Item6":0}},{"Key":"\/Date(1556683200000-0400)\/","Value":{"Item1":-2147483638,"Item2":9.74,"Item3":9.74,"Item4":9.74,"Item5":9.74,"Item6":0}},{"Key":"\/Date(1556769600000-0400)\/","Value":{"Item1":-2147483638,"Item2":9.74,"Item3":9.74,"Item4":9.74,"Item5":9.74,"Item6":0}},{"Key":"\/Date(1556856000000-0400)\/","Value":{"Item1":-2147483638,"Item2":9.74,"Item3":9.74,"Item4":9.74,"Item5":9.74,"Item6":0}},{"Key":"\/Date(1557115200000-0400)\/","Value":{"Item1":-2147483638,"Item2":9.81,"Item3":9.81,"Item4":9.81,"Item5":9.81,"Item6":100}},{"Key":"\/Date(1557201600000-0400)\/","Value":{"Item1":-2147483638,"Item2":9.81,"Item3":9.81,"Item4":9.81,"Item5":9.81,"Item6":11}},{"Key":"\/Date(1557288000000-0400)\/","Value":{"Item1":-2147483638,"Item2":9.81,"Item3":9.81,"Item4":9.81,"Item5":9.81,"Item6":0}},{"Key":"\/Date(1557374400000-0400)\/","Value":{"Item1":-2147483638,"Item2":9.81,"Item3":9.81,"Item4":9.81,"Item5":9.81,"Item6":20}},{"Key":"\/Date(1557460800000-0400)\/","Value":{"Item1":-2147483638,"Item2":9.81,"Item3":9.81,"Item4":9.81,"Item5":9.81,"Item6":0}},{"Key":"\/Date(1557720000000-0400)\/","Value":{"Item1":-2147483638,"Item2":9.81,"Item3":9.81,"Item4":9.81,"Item5":9.81,"Item6":11}},{"Key":"\/Date(1557806400000-0400)\/","Value":{"Item1":-2147483638,"Item2":9.81,"Item3":9.81,"Item4":9.81,"Item5":9.81,"Item6":0}},{"Key":"\/Date(1557892800000-0400)\/","Value":{"Item1":-2147483638,"Item2":9.81,"Item3":9.81,"Item4":9.81,"Item5":9.81,"Item6":0}},{"Key":"\/Date(1557979200000-0400)\/","Value":{"Item1":-2147483638,"Item2":9.81,"Item3":9.81,"Item4":9.81,"Item5":9.81,"Item6":1}},{"Key":"\/Date(1558065600000-0400)\/","Value":{"Item1":-2147483638,"Item2":9.81,"Item3":9.81,"Item4":9.81,"Item5":9.81,"Item6":0}},{"Key":"\/Date(1558324800000-0400)\/","Value":{"Item1":-2147483638,"Item2":9.81,"Item3":9.81,"Item4":9.81,"Item5":9.81,"Item6":0}},{"Key":"\/Date(1558411200000-0400)\/","Value":{"Item1":-2147483638,"Item2":9.81,"Item3":9.81,"Item4":9.81,"Item5":9.81,"Item6":0}},{"Key":"\/Date(1558497600000-0400)\/","Value":{"Item1":-2147483638,"Item2":9.81,"Item3":9.81,"Item4":9.81,"Item5":9.81,"Item6":0}},{"Key":"\/Date(1558584000000-0400)\/","Value":{"Item1":-2147483638,"Item2":9.81,"Item3":9.81,"Item4":9.81,"Item5":9.81,"Item6":0}},{"Key":"\/Date(1558670400000-0400)\/","Value":{"Item1":-2147483638,"Item2":9.81,"Item3":9.81,"Item4":9.81,"Item5":9.81,"Item6":0}},{"Key":"\/Date(1559016000000-0400)\/","Value":{"Item1":-2147483638,"Item2":9.81,"Item3":9.81,"Item4":9.81,"Item5":9.81,"Item6":0}},{"Key":"\/Date(1559102400000-0400)\/","Value":{"Item1":-2147483638,"Item2":9.81,"Item3":9.81,"Item4":9.81,"Item5":9.81,"Item6":0}},{"Key":"\/Date(1559188800000-0400)\/","Value":{"Item1":-2147483638,"Item2":9.81,"Item3":9.81,"Item4":9.81,"Item5":9.81,"Item6":0}},{"Key":"\/Date(1559275200000-0400)\/","Value":{"Item1":-2147483638,"Item2":9.81,"Item3":9.81,"Item4":9.81,"Item5":9.81,"Item6":0}},{"Key":"\/Date(1559534400000-0400)\/","Value":{"Item1":-2147483638,"Item2":9.81,"Item3":9.81,"Item4":9.81,"Item5":9.81,"Item6":0}},{"Key":"\/Date(1559620800000-0400)\/","Value":{"Item1":-2147483638,"Item2":9.81,"Item3":9.81,"Item4":9.81,"Item5":9.81,"Item6":0}},{"Key":"\/Date(1559707200000-0400)\/","Value":{"Item1":-2147483638,"Item2":9.81,"Item3":9.81,"Item4":9.81,"Item5":9.81,"Item6":0}},{"Key":"\/Date(1559793600000-0400)\/","Value":{"Item1":-2147483638,"Item2":9.81,"Item3":9.81,"Item4":9.81,"Item5":9.81,"Item6":0}},{"Key":"\/Date(1559880000000-0400)\/","Value":{"Item1":-2147483638,"Item2":9.81,"Item3":9.81,"Item4":9.81,"Item5":9.81,"Item6":1}},{"Key":"\/Date(1560139200000-0400)\/","Value":{"Item1":-2147483638,"Item2":9.81,"Item3":9.81,"Item4":9.81,"Item5":9.81,"Item6":0}},{"Key":"\/Date(1560225600000-0400)\/","Value":{"Item1":-2147483638,"Item2":9.81,"Item3":9.81,"Item4":9.81,"Item5":9.81,"Item6":0}},{"Key":"\/Date(1560312000000-0400)\/","Value":{"Item1":-2147483638,"Item2":9.81,"Item3":9.81,"Item4":9.81,"Item5":9.81,"Item6":0}},{"Key":"\/Date(1560398400000-0400)\/","Value":{"Item1":-2147483638,"Item2":9.81,"Item3":9.81,"Item4":9.81,"Item5":9.81,"Item6":0}},{"Key":"\/Date(1560484800000-0400)\/","Value":{"Item1":-2147483638,"Item2":9.81,"Item3":9.81,"Item4":9.81,"Item5":9.81,"Item6":0}},{"Key":"\/Date(1560744000000-0400)\/","Value":{"Item1":-2147483638,"Item2":9.81,"Item3":9.81,"Item4":9.81,"Item5":9.81,"Item6":0}},{"Key":"\/Date(1560830400000-0400)\/","Value":{"Item1":-2147483638,"Item2":9.71,"Item3":9.71,"Item4":9.71,"Item5":9.71,"Item6":549999}},{"Key":"\/Date(1560916800000-0400)\/","Value":{"Item1":-2147483638,"Item2":9.72,"Item3":9.72,"Item4":9.71,"Item5":9.72,"Item6":675000}},{"Key":"\/Date(1561003200000-0400)\/","Value":{"Item1":-2147483638,"Item2":9.75,"Item3":9.75,"Item4":9.72,"Item5":9.72,"Item6":631300}},{"Key":"\/Date(1561089600000-0400)\/","Value":{"Item1":-2147483638,"Item2":9.73,"Item3":9.73,"Item4":9.72,"Item5":9.72,"Item6":300000}},{"Key":"\/Date(1561348800000-0400)\/","Value":{"Item1":-2147483638,"Item2":9.72,"Item3":9.72,"Item4":9.72,"Item5":9.72,"Item6":14900}},{"Key":"\/Date(1561435200000-0400)\/","Value":{"Item1":-2147483638,"Item2":9.72,"Item3":9.72,"Item4":9.72,"Item5":9.72,"Item6":1}},{"Key":"\/Date(1561521600000-0400)\/","Value":{"Item1":-2147483638,"Item2":9.72,"Item3":9.72,"Item4":9.72,"Item5":9.72,"Item6":0}},{"Key":"\/Date(1561608000000-0400)\/","Value":{"Item1":-2147483638,"Item2":9.72,"Item3":9.72,"Item4":9.72,"Item5":9.72,"Item6":0}},{"Key":"\/Date(1561694400000-0400)\/","Value":{"Item1":-2147483638,"Item2":9.72,"Item3":9.72,"Item4":9.72,"Item5":9.72,"Item6":0}},{"Key":"\/Date(1561953600000-0400)\/","Value":{"Item1":-2147483638,"Item2":9.72,"Item3":9.72,"Item4":9.72,"Item5":9.72,"Item6":0}},{"Key":"\/Date(1562040000000-0400)\/","Value":{"Item1":-2147483638,"Item2":9.72,"Item3":9.72,"Item4":9.72,"Item5":9.72,"Item6":0}},{"Key":"\/Date(1562126400000-0400)\/","Value":{"Item1":-2147483638,"Item2":9.72,"Item3":9.72,"Item4":9.72,"Item5":9.72,"Item6":0}},{"Key":"\/Date(1562299200000-0400)\/","Value":{"Item1":-2147483638,"Item2":9.72,"Item3":9.72,"Item4":9.72,"Item5":9.72,"Item6":0}},{"Key":"\/Date(1562558400000-0400)\/","Value":{"Item1":-2147483638,"Item2":9.72,"Item3":9.72,"Item4":9.72,"Item5":9.72,"Item6":0}},{"Key":"\/Date(1562644800000-0400)\/","Value":{"Item1":-2147483638,"Item2":9.72,"Item3":9.72,"Item4":9.72,"Item5":9.72,"Item6":0}},{"Key":"\/Date(1562731200000-0400)\/","Value":{"Item1":-2147483638,"Item2":9.72,"Item3":9.72,"Item4":9.72,"Item5":9.72,"Item6":0}},{"Key":"\/Date(1562817600000-0400)\/","Value":{"Item1":-2147483638,"Item2":9.72,"Item3":9.72,"Item4":9.72,"Item5":9.72,"Item6":0}},{"Key":"\/Date(1562904000000-0400)\/","Value":{"Item1":-2147483638,"Item2":9.72,"Item3":9.72,"Item4":9.72,"Item5":9.72,"Item6":0}},{"Key":"\/Date(1563163200000-0400)\/","Value":{"Item1":-2147483638,"Item2":9.72,"Item3":9.72,"Item4":9.72,"Item5":9.72,"Item6":0}},{"Key":"\/Date(1563249600000-0400)\/","Value":{"Item1":-2147483638,"Item2":9.75,"Item3":10.45,"Item4":9.75,"Item5":9.77,"Item6":11235}},{"Key":"\/Date(1563336000000-0400)\/","Value":{"Item1":-2147483638,"Item2":9.77,"Item3":9.77,"Item4":9.77,"Item5":9.77,"Item6":0}},{"Key":"\/Date(1563422400000-0400)\/","Value":{"Item1":-2147483638,"Item2":9.77,"Item3":9.77,"Item4":9.77,"Item5":9.77,"Item6":1}},{"Key":"\/Date(1563508800000-0400)\/","Value":{"Item1":-2147483638,"Item2":9.77,"Item3":9.77,"Item4":9.77,"Item5":9.77,"Item6":0}},{"Key":"\/Date(1563768000000-0400)\/","Value":{"Item1":-2147483638,"Item2":9.77,"Item3":9.77,"Item4":9.77,"Item5":9.77,"Item6":0}},{"Key":"\/Date(1563854400000-0400)\/","Value":{"Item1":-2147483638,"Item2":9.77,"Item3":9.77,"Item4":9.77,"Item5":9.77,"Item6":0}},{"Key":"\/Date(1563940800000-0400)\/","Value":{"Item1":-2147483638,"Item2":9.77,"Item3":9.77,"Item4":9.77,"Item5":9.77,"Item6":0}},{"Key":"\/Date(1564027200000-0400)\/","Value":{"Item1":-2147483638,"Item2":9.77,"Item3":9.77,"Item4":9.77,"Item5":9.77,"Item6":0}},{"Key":"\/Date(1564113600000-0400)\/","Value":{"Item1":-2147483638,"Item2":9.77,"Item3":9.77,"Item4":9.77,"Item5":9.77,"Item6":0}},{"Key":"\/Date(1564372800000-0400)\/","Value":{"Item1":-2147483638,"Item2":9.77,"Item3":9.77,"Item4":9.77,"Item5":9.77,"Item6":0}},{"Key":"\/Date(1564459200000-0400)\/","Value":{"Item1":-2147483638,"Item2":9.77,"Item3":9.77,"Item4":9.77,"Item5":9.77,"Item6":0}},{"Key":"\/Date(1564545600000-0400)\/","Value":{"Item1":-2147483638,"Item2":9.77,"Item3":9.77,"Item4":9.77,"Item5":9.77,"Item6":2}},{"Key":"\/Date(1564632000000-0400)\/","Value":{"Item1":-2147483638,"Item2":9.77,"Item3":9.77,"Item4":9.77,"Item5":9.77,"Item6":0}},{"Key":"\/Date(1564718400000-0400)\/","Value":{"Item1":-2147483638,"Item2":9.71,"Item3":9.82,"Item4":9.71,"Item5":9.82,"Item6":400}},{"Key":"\/Date(1564977600000-0400)\/","Value":{"Item1":-2147483638,"Item2":9.82,"Item3":9.82,"Item4":9.82,"Item5":9.82,"Item6":1}},{"Key":"\/Date(1565064000000-0400)\/","Value":{"Item1":-2147483638,"Item2":9.82,"Item3":9.82,"Item4":9.82,"Item5":9.82,"Item6":0}},{"Key":"\/Date(1565150400000-0400)\/","Value":{"Item1":-2147483638,"Item2":9.785,"Item3":9.79,"Item4":9.78,"Item5":9.78,"Item6":1975000}},{"Key":"\/Date(1565236800000-0400)\/","Value":{"Item1":-2147483638,"Item2":9.78,"Item3":9.78,"Item4":9.78,"Item5":9.78,"Item6":125159}},{"Key":"\/Date(1565323200000-0400)\/","Value":{"Item1":-2147483638,"Item2":9.78,"Item3":9.78,"Item4":9.78,"Item5":9.78,"Item6":0}},{"Key":"\/Date(1565582400000-0400)\/","Value":{"Item1":-2147483638,"Item2":9.78,"Item3":9.78,"Item4":9.78,"Item5":9.78,"Item6":0}},{"Key":"\/Date(1565668800000-0400)\/","Value":{"Item1":-2147483638,"Item2":9.78,"Item3":9.78,"Item4":9.78,"Item5":9.78,"Item6":0}},{"Key":"\/Date(1565755200000-0400)\/","Value":{"Item1":-2147483638,"Item2":9.78,"Item3":9.78,"Item4":9.78,"Item5":9.78,"Item6":1}},{"Key":"\/Date(1565841600000-0400)\/","Value":{"Item1":-2147483638,"Item2":9.78,"Item3":9.78,"Item4":9.78,"Item5":9.78,"Item6":1}},{"Key":"\/Date(1565928000000-0400)\/","Value":{"Item1":-2147483638,"Item2":9.78,"Item3":9.78,"Item4":9.78,"Item5":9.78,"Item6":0}},{"Key":"\/Date(1566187200000-0400)\/","Value":{"Item1":-2147483638,"Item2":9.79,"Item3":9.79,"Item4":9.79,"Item5":9.79,"Item6":349994}},{"Key":"\/Date(1566273600000-0400)\/","Value":{"Item1":-2147483638,"Item2":9.9,"Item3":9.9,"Item4":9.9,"Item5":9.9,"Item6":1000}},{"Key":"\/Date(1566360000000-0400)\/","Value":{"Item1":-2147483638,"Item2":9.9,"Item3":9.9,"Item4":9.9,"Item5":9.9,"Item6":2}},{"Key":"\/Date(1566446400000-0400)\/","Value":{"Item1":-2147483638,"Item2":9.9,"Item3":9.9,"Item4":9.9,"Item5":9.9,"Item6":0}},{"Key":"\/Date(1566532800000-0400)\/","Value":{"Item1":-2147483638,"Item2":9.8,"Item3":9.9,"Item4":9.8,"Item5":9.9,"Item6":200}},{"Key":"\/Date(1566792000000-0400)\/","Value":{"Item1":-2147483638,"Item2":9.9,"Item3":9.9,"Item4":9.9,"Item5":9.9,"Item6":0}},{"Key":"\/Date(1566878400000-0400)\/","Value":{"Item1":-2147483638,"Item2":9.9,"Item3":9.9,"Item4":9.9,"Item5":9.9,"Item6":0}},{"Key":"\/Date(1566964800000-0400)\/","Value":{"Item1":-2147483638,"Item2":9.9,"Item3":9.9,"Item4":9.9,"Item5":9.9,"Item6":0}},{"Key":"\/Date(1567051200000-0400)\/","Value":{"Item1":-2147483638,"Item2":9.9,"Item3":9.9,"Item4":9.9,"Item5":9.9,"Item6":5}},{"Key":"\/Date(1567137600000-0400)\/","Value":{"Item1":-2147483638,"Item2":9.9,"Item3":9.9,"Item4":9.9,"Item5":9.9,"Item6":0}},{"Key":"\/Date(1567483200000-0400)\/","Value":{"Item1":-2147483638,"Item2":9.9,"Item3":9.9,"Item4":9.9,"Item5":9.9,"Item6":1695}},{"Key":"\/Date(1567569600000-0400)\/","Value":{"Item1":-2147483638,"Item2":9.9,"Item3":9.9,"Item4":9.9,"Item5":9.9,"Item6":0}},{"Key":"\/Date(1567656000000-0400)\/","Value":{"Item1":-2147483638,"Item2":9.9,"Item3":9.9,"Item4":9.9,"Item5":9.9,"Item6":0}},{"Key":"\/Date(1567742400000-0400)\/","Value":{"Item1":-2147483638,"Item2":9.9,"Item3":9.9,"Item4":9.9,"Item5":9.9,"Item6":0}},{"Key":"\/Date(1568001600000-0400)\/","Value":{"Item1":-2147483638,"Item2":9.9,"Item3":9.9,"Item4":9.9,"Item5":9.9,"Item6":0}},{"Key":"\/Date(1568088000000-0400)\/","Value":{"Item1":-2147483638,"Item2":9.9,"Item3":9.9,"Item4":9.9,"Item5":9.9,"Item6":0}},{"Key":"\/Date(1568174400000-0400)\/","Value":{"Item1":-2147483638,"Item2":9.9,"Item3":9.9,"Item4":9.9,"Item5":9.9,"Item6":0}},{"Key":"\/Date(1568260800000-0400)\/","Value":{"Item1":-2147483638,"Item2":9.9,"Item3":9.9,"Item4":9.9,"Item5":9.9,"Item6":0}},{"Key":"\/Date(1568347200000-0400)\/","Value":{"Item1":-2147483638,"Item2":9.9,"Item3":9.9,"Item4":9.9,"Item5":9.9,"Item6":2}},{"Key":"\/Date(1568606400000-0400)\/","Value":{"Item1":-2147483638,"Item2":9.9,"Item3":9.9,"Item4":9.9,"Item5":9.9,"Item6":0}},{"Key":"\/Date(1568692800000-0400)\/","Value":{"Item1":-2147483638,"Item2":9.9,"Item3":9.9,"Item4":9.9,"Item5":9.9,"Item6":0}},{"Key":"\/Date(1568779200000-0400)\/","Value":{"Item1":-2147483638,"Item2":9.9,"Item3":9.9,"Item4":9.9,"Item5":9.9,"Item6":0}},{"Key":"\/Date(1568865600000-0400)\/","Value":{"Item1":-2147483638,"Item2":9.9,"Item3":9.9,"Item4":9.9,"Item5":9.9,"Item6":0}},{"Key":"\/Date(1568952000000-0400)\/","Value":{"Item1":-2147483638,"Item2":9.9,"Item3":9.9,"Item4":9.9,"Item5":9.9,"Item6":2}},{"Key":"\/Date(1569211200000-0400)\/","Value":{"Item1":-2147483638,"Item2":9.9,"Item3":9.9,"Item4":9.9,"Item5":9.9,"Item6":6}},{"Key":"\/Date(1569297600000-0400)\/","Value":{"Item1":-2147483638,"Item2":9.9,"Item3":9.9,"Item4":9.9,"Item5":9.9,"Item6":0}},{"Key":"\/Date(1569384000000-0400)\/","Value":{"Item1":-2147483638,"Item2":9.9,"Item3":9.9,"Item4":9.9,"Item5":9.9,"Item6":0}},{"Key":"\/Date(1569470400000-0400)\/","Value":{"Item1":-2147483638,"Item2":9.9,"Item3":9.9,"Item4":9.9,"Item5":9.9,"Item6":0}},{"Key":"\/Date(1569556800000-0400)\/","Value":{"Item1":-2147483638,"Item2":9.9,"Item3":9.9,"Item4":9.9,"Item5":9.9,"Item6":0}},{"Key":"\/Date(1569816000000-0400)\/","Value":{"Item1":-2147483638,"Item2":9.9,"Item3":9.9,"Item4":9.9,"Item5":9.9,"Item6":0}},{"Key":"\/Date(1569902400000-0400)\/","Value":{"Item1":-2147483638,"Item2":9.9,"Item3":9.9,"Item4":9.9,"Item5":9.9,"Item6":0}},{"Key":"\/Date(1569988800000-0400)\/","Value":{"Item1":-2147483638,"Item2":9.9,"Item3":9.9,"Item4":9.9,"Item5":9.9,"Item6":0}},{"Key":"\/Date(1570075200000-0400)\/","Value":{"Item1":-2147483638,"Item2":9.9,"Item3":9.9,"Item4":9.9,"Item5":9.9,"Item6":0}},{"Key":"\/Date(1570161600000-0400)\/","Value":{"Item1":-2147483638,"Item2":9.9,"Item3":9.9,"Item4":9.9,"Item5":9.9,"Item6":1}},{"Key":"\/Date(1570420800000-0400)\/","Value":{"Item1":-2147483638,"Item2":9.82,"Item3":9.92,"Item4":9.82,"Item5":9.92,"Item6":700100}},{"Key":"\/Date(1570507200000-0400)\/","Value":{"Item1":-2147483638,"Item2":9.92,"Item3":9.92,"Item4":9.92,"Item5":9.92,"Item6":0}},{"Key":"\/Date(1570593600000-0400)\/","Value":{"Item1":-2147483638,"Item2":9.92,"Item3":9.92,"Item4":9.92,"Item5":9.92,"Item6":0}},{"Key":"\/Date(1570680000000-0400)\/","Value":{"Item1":-2147483638,"Item2":9.92,"Item3":9.92,"Item4":9.92,"Item5":9.92,"Item6":0}},{"Key":"\/Date(1570766400000-0400)\/","Value":{"Item1":-2147483638,"Item2":9.92,"Item3":9.92,"Item4":9.92,"Item5":9.92,"Item6":0}},{"Key":"\/Date(1571025600000-0400)\/","Value":{"Item1":-2147483638,"Item2":9.92,"Item3":9.92,"Item4":9.92,"Item5":9.92,"Item6":200}},{"Key":"\/Date(1571112000000-0400)\/","Value":{"Item1":-2147483638,"Item2":9.92,"Item3":9.92,"Item4":9.92,"Item5":9.92,"Item6":102}},{"Key":"\/Date(1571198400000-0400)\/","Value":{"Item1":-2147483638,"Item2":9.92,"Item3":9.92,"Item4":9.92,"Item5":9.92,"Item6":0}},{"Key":"\/Date(1571284800000-0400)\/","Value":{"Item1":-2147483638,"Item2":9.92,"Item3":9.92,"Item4":9.92,"Item5":9.92,"Item6":0}},{"Key":"\/Date(1571371200000-0400)\/","Value":{"Item1":-2147483638,"Item2":9.92,"Item3":9.92,"Item4":9.92,"Item5":9.92,"Item6":0}},{"Key":"\/Date(1571630400000-0400)\/","Value":{"Item1":-2147483638,"Item2":9.92,"Item3":9.92,"Item4":9.92,"Item5":9.92,"Item6":0}},{"Key":"\/Date(1571716800000-0400)\/","Value":{"Item1":-2147483638,"Item2":9.92,"Item3":9.92,"Item4":9.92,"Item5":9.92,"Item6":0}},{"Key":"\/Date(1571803200000-0400)\/","Value":{"Item1":-2147483638,"Item2":9.9,"Item3":9.9,"Item4":9.9,"Item5":9.9,"Item6":179}},{"Key":"\/Date(1571889600000-0400)\/","Value":{"Item1":-2147483638,"Item2":9.9,"Item3":9.9,"Item4":9.9,"Item5":9.9,"Item6":1899}},{"Key":"\/Date(1571976000000-0400)\/","Value":{"Item1":-2147483638,"Item2":9.9,"Item3":9.9,"Item4":9.9,"Item5":9.9,"Item6":0}},{"Key":"\/Date(1572235200000-0400)\/","Value":{"Item1":-2147483638,"Item2":9.9,"Item3":9.9,"Item4":9.9,"Item5":9.9,"Item6":0}},{"Key":"\/Date(1572321600000-0400)\/","Value":{"Item1":-2147483638,"Item2":9.86,"Item3":9.92,"Item4":9.86,"Item5":9.92,"Item6":1027280}},{"Key":"\/Date(1572408000000-0400)\/","Value":{"Item1":-2147483638,"Item2":9.92,"Item3":9.92,"Item4":9.92,"Item5":9.92,"Item6":0}},{"Key":"\/Date(1572494400000-0400)\/","Value":{"Item1":-2147483638,"Item2":9.92,"Item3":9.92,"Item4":9.92,"Item5":9.92,"Item6":0}},{"Key":"\/Date(1572580800000-0400)\/","Value":{"Item1":-2147483638,"Item2":9.92,"Item3":9.92,"Item4":9.92,"Item5":9.92,"Item6":0}},{"Key":"\/Date(1572843600000-0500)\/","Value":{"Item1":-2147483638,"Item2":9.92,"Item3":9.92,"Item4":9.92,"Item5":9.92,"Item6":0}},{"Key":"\/Date(1572930000000-0500)\/","Value":{"Item1":-2147483638,"Item2":9.92,"Item3":9.92,"Item4":9.92,"Item5":9.92,"Item6":0}},{"Key":"\/Date(1573016400000-0500)\/","Value":{"Item1":-2147483638,"Item2":9.92,"Item3":9.92,"Item4":9.92,"Item5":9.92,"Item6":0}},{"Key":"\/Date(1573102800000-0500)\/","Value":{"Item1":-2147483638,"Item2":9.92,"Item3":9.92,"Item4":9.92,"Item5":9.92,"Item6":1}},{"Key":"\/Date(1573189200000-0500)\/","Value":{"Item1":-2147483638,"Item2":9.92,"Item3":9.92,"Item4":9.92,"Item5":9.92,"Item6":0}},{"Key":"\/Date(1573448400000-0500)\/","Value":{"Item1":-2147483638,"Item2":9.9,"Item3":9.93,"Item4":9.9,"Item5":9.9,"Item6":402702}},{"Key":"\/Date(1573534800000-0500)\/","Value":{"Item1":-2147483638,"Item2":9.9,"Item3":9.9,"Item4":9.9,"Item5":9.9,"Item6":0}},{"Key":"\/Date(1573621200000-0500)\/","Value":{"Item1":-2147483638,"Item2":9.88,"Item3":9.92,"Item4":9.88,"Item5":9.92,"Item6":1200100}},{"Key":"\/Date(1573707600000-0500)\/","Value":{"Item1":-2147483638,"Item2":9.92,"Item3":9.92,"Item4":9.92,"Item5":9.92,"Item6":10000}},{"Key":"\/Date(1573794000000-0500)\/","Value":{"Item1":-2147483638,"Item2":9.92,"Item3":9.92,"Item4":9.92,"Item5":9.92,"Item6":0}},{"Key":"\/Date(1574053200000-0500)\/","Value":{"Item1":-2147483638,"Item2":9.92,"Item3":9.92,"Item4":9.92,"Item5":9.92,"Item6":0}},{"Key":"\/Date(1574139600000-0500)\/","Value":{"Item1":-2147483638,"Item2":9.92,"Item3":9.92,"Item4":9.92,"Item5":9.92,"Item6":0}},{"Key":"\/Date(1574226000000-0500)\/","Value":{"Item1":-2147483638,"Item2":9.92,"Item3":9.92,"Item4":9.92,"Item5":9.92,"Item6":0}},{"Key":"\/Date(1574312400000-0500)\/","Value":{"Item1":-2147483638,"Item2":9.92,"Item3":9.92,"Item4":9.92,"Item5":9.92,"Item6":0}},{"Key":"\/Date(1574398800000-0500)\/","Value":{"Item1":-2147483638,"Item2":9.91,"Item3":9.91,"Item4":9.91,"Item5":9.91,"Item6":120}},{"Key":"\/Date(1574658000000-0500)\/","Value":{"Item1":-2147483638,"Item2":9.91,"Item3":9.91,"Item4":9.91,"Item5":9.91,"Item6":0}},{"Key":"\/Date(1574744400000-0500)\/","Value":{"Item1":-2147483638,"Item2":9.91,"Item3":9.91,"Item4":9.91,"Item5":9.91,"Item6":0}},{"Key":"\/Date(1574830800000-0500)\/","Value":{"Item1":-2147483638,"Item2":9.91,"Item3":9.91,"Item4":9.91,"Item5":9.91,"Item6":1}},{"Key":"\/Date(1575003600000-0500)\/","Value":{"Item1":-2147483638,"Item2":9.91,"Item3":9.91,"Item4":9.91,"Item5":9.91,"Item6":2}},{"Key":"\/Date(1575262800000-0500)\/","Value":{"Item1":-2147483638,"Item2":9.91,"Item3":9.91,"Item4":9.91,"Item5":9.91,"Item6":0}},{"Key":"\/Date(1575349200000-0500)\/","Value":{"Item1":-2147483638,"Item2":9.91,"Item3":9.91,"Item4":9.91,"Item5":9.91,"Item6":0}},{"Key":"\/Date(1575435600000-0500)\/","Value":{"Item1":-2147483638,"Item2":9.86,"Item3":9.93,"Item4":9.86,"Item5":9.93,"Item6":201000}},{"Key":"\/Date(1575522000000-0500)\/","Value":{"Item1":-2147483638,"Item2":9.9,"Item3":9.93,"Item4":9.9,"Item5":9.9,"Item6":231226}},{"Key":"\/Date(1575608400000-0500)\/","Value":{"Item1":-2147483638,"Item2":9.9,"Item3":9.9,"Item4":9.9,"Item5":9.9,"Item6":302}},{"Key":"\/Date(1575867600000-0500)\/","Value":{"Item1":-2147483638,"Item2":9.87,"Item3":9.92,"Item4":9.87,"Item5":9.9,"Item6":172250}},{"Key":"\/Date(1575954000000-0500)\/","Value":{"Item1":-2147483638,"Item2":9.9,"Item3":9.9,"Item4":9.9,"Item5":9.9,"Item6":263}},{"Key":"\/Date(1576040400000-0500)\/","Value":{"Item1":-2147483638,"Item2":9.9,"Item3":9.9,"Item4":9.9,"Item5":9.9,"Item6":0}},{"Key":"\/Date(1576126800000-0500)\/","Value":{"Item1":-2147483638,"Item2":9.9,"Item3":9.94,"Item4":9.9,"Item5":9.94,"Item6":225206}},{"Key":"\/Date(1576213200000-0500)\/","Value":{"Item1":-2147483638,"Item2":9.94,"Item3":9.94,"Item4":9.94,"Item5":9.94,"Item6":562}},{"Key":"\/Date(1576472400000-0500)\/","Value":{"Item1":-2147483638,"Item2":9.9329,"Item3":9.94,"Item4":9.9329,"Item5":9.94,"Item6":596}},{"Key":"\/Date(1576558800000-0500)\/","Value":{"Item1":-2147483638,"Item2":9.9398,"Item3":9.94,"Item4":9.92,"Item5":9.92,"Item6":3489}},{"Key":"\/Date(1576645200000-0500)\/","Value":{"Item1":-2147483638,"Item2":9.92,"Item3":9.9292,"Item4":9.92,"Item5":9.9292,"Item6":1461}},{"Key":"\/Date(1576731600000-0500)\/","Value":{"Item1":-2147483638,"Item2":9.95,"Item3":9.95,"Item4":9.95,"Item5":9.95,"Item6":301}},{"Key":"\/Date(1576818000000-0500)\/","Value":{"Item1":-2147483638,"Item2":9.91,"Item3":9.91,"Item4":9.91,"Item5":9.91,"Item6":122}},{"Key":"\/Date(1577077200000-0500)\/","Value":{"Item1":-2147483638,"Item2":9.91,"Item3":9.91,"Item4":9.91,"Item5":9.91,"Item6":11}},{"Key":"\/Date(1577163600000-0500)\/","Value":{"Item1":-2147483638,"Item2":9.92,"Item3":9.92,"Item4":9.92,"Item5":9.92,"Item6":7906}},{"Key":"\/Date(1577336400000-0500)\/","Value":{"Item1":-2147483638,"Item2":9.92,"Item3":9.92,"Item4":9.92,"Item5":9.92,"Item6":0}},{"Key":"\/Date(1577422800000-0500)\/","Value":{"Item1":-2147483638,"Item2":9.92,"Item3":9.92,"Item4":9.92,"Item5":9.92,"Item6":0}},{"Key":"\/Date(1577682000000-0500)\/","Value":{"Item1":-2147483638,"Item2":9.92,"Item3":9.92,"Item4":9.92,"Item5":9.92,"Item6":2}},{"Key":"\/Date(1577768400000-0500)\/","Value":{"Item1":-2147483638,"Item2":9.94,"Item3":9.95,"Item4":9.94,"Item5":9.95,"Item6":28866}},{"Key":"\/Date(1577941200000-0500)\/","Value":{"Item1":-2147483638,"Item2":9.97,"Item3":9.97,"Item4":9.97,"Item5":9.97,"Item6":114}},{"Key":"\/Date(1578027600000-0500)\/","Value":{"Item1":-2147483638,"Item2":9.97,"Item3":9.97,"Item4":9.97,"Item5":9.97,"Item6":0}},{"Key":"\/Date(1578286800000-0500)\/","Value":{"Item1":-2147483638,"Item2":9.97,"Item3":10,"Item4":9.965,"Item5":10,"Item6":176027}},{"Key":"\/Date(1578373200000-0500)\/","Value":{"Item1":-2147483638,"Item2":9.99,"Item3":10.0372,"Item4":9.97,"Item5":9.97,"Item6":23697}},{"Key":"\/Date(1578459600000-0500)\/","Value":{"Item1":-2147483638,"Item2":10,"Item3":10.04,"Item4":10,"Item5":10.04,"Item6":25235}},{"Key":"\/Date(1578546000000-0500)\/","Value":{"Item1":-2147483638,"Item2":10.04,"Item3":10.12,"Item4":10.04,"Item5":10.04,"Item6":5201}},{"Key":"\/Date(1578632400000-0500)\/","Value":{"Item1":-2147483638,"Item2":10.04,"Item3":10.26,"Item4":10.02,"Item5":10.02,"Item6":55751}},{"Key":"\/Date(1578891600000-0500)\/","Value":{"Item1":-2147483638,"Item2":10.02,"Item3":10.06,"Item4":10.02,"Item5":10.06,"Item6":76033}},{"Key":"\/Date(1578978000000-0500)\/","Value":{"Item1":-2147483638,"Item2":10.02,"Item3":10.02,"Item4":10.02,"Item5":10.02,"Item6":14227}},{"Key":"\/Date(1579064400000-0500)\/","Value":{"Item1":-2147483638,"Item2":10.02,"Item3":10.02,"Item4":10.02,"Item5":10.02,"Item6":0}},{"Key":"\/Date(1579150800000-0500)\/","Value":{"Item1":-2147483638,"Item2":10.04,"Item3":10.04,"Item4":10.04,"Item5":10.04,"Item6":100724}},{"Key":"\/Date(1579237200000-0500)\/","Value":{"Item1":-2147483638,"Item2":10.04,"Item3":10.04,"Item4":10.04,"Item5":10.04,"Item6":90321}},{"Key":"\/Date(1579582800000-0500)\/","Value":{"Item1":-2147483638,"Item2":10.06,"Item3":10.06,"Item4":10.05,"Item5":10.05,"Item6":2086}},{"Key":"\/Date(1579669200000-0500)\/","Value":{"Item1":-2147483638,"Item2":10.05,"Item3":10.05,"Item4":10.05,"Item5":10.05,"Item6":0}},{"Key":"\/Date(1579755600000-0500)\/","Value":{"Item1":-2147483638,"Item2":10.04,"Item3":10.08,"Item4":10.04,"Item5":10.08,"Item6":110405}},{"Key":"\/Date(1579842000000-0500)\/","Value":{"Item1":-2147483638,"Item2":10.05,"Item3":10.05,"Item4":10.04,"Item5":10.04,"Item6":11295}},{"Key":"\/Date(1580101200000-0500)\/","Value":{"Item1":-2147483638,"Item2":10.04,"Item3":10.05,"Item4":10.04,"Item5":10.04,"Item6":11995}},{"Key":"\/Date(1580187600000-0500)\/","Value":{"Item1":-2147483638,"Item2":10.0545,"Item3":10.0545,"Item4":10.04,"Item5":10.04,"Item6":50600}},{"Key":"\/Date(1580274000000-0500)\/","Value":{"Item1":-2147483638,"Item2":10.04,"Item3":10.04,"Item4":10.04,"Item5":10.04,"Item6":0}},{"Key":"\/Date(1580360400000-0500)\/","Value":{"Item1":-2147483638,"Item2":10.04,"Item3":10.04,"Item4":10.04,"Item5":10.04,"Item6":0}},{"Key":"\/Date(1580446800000-0500)\/","Value":{"Item1":-2147483638,"Item2":10.08,"Item3":10.08,"Item4":10.08,"Item5":10.08,"Item6":20000}},{"Key":"\/Date(1580706000000-0500)\/","Value":{"Item1":-2147483638,"Item2":10.08,"Item3":10.08,"Item4":10.08,"Item5":10.08,"Item6":10008}},{"Key":"\/Date(1580792400000-0500)\/","Value":{"Item1":-2147483638,"Item2":10.08,"Item3":10.1,"Item4":10.08,"Item5":10.1,"Item6":3201}},{"Key":"\/Date(1580878800000-0500)\/","Value":{"Item1":-2147483638,"Item2":10.1,"Item3":10.1,"Item4":10.08,"Item5":10.08,"Item6":51558}},{"Key":"\/Date(1580965200000-0500)\/","Value":{"Item1":-2147483638,"Item2":10.1,"Item3":10.1,"Item4":10.1,"Item5":10.1,"Item6":300}},{"Key":"\/Date(1581051600000-0500)\/","Value":{"Item1":-2147483638,"Item2":10.11,"Item3":10.11,"Item4":10.1,"Item5":10.1085,"Item6":8314}},{"Key":"\/Date(1581310800000-0500)\/","Value":{"Item1":-2147483638,"Item2":10.12,"Item3":10.12,"Item4":10.12,"Item5":10.12,"Item6":2500}},{"Key":"\/Date(1581397200000-0500)\/","Value":{"Item1":-2147483638,"Item2":10.12,"Item3":10.12,"Item4":10.12,"Item5":10.12,"Item6":1}},{"Key":"\/Date(1581483600000-0500)\/","Value":{"Item1":-2147483638,"Item2":10.12,"Item3":10.12,"Item4":10.12,"Item5":10.12,"Item6":1}},{"Key":"\/Date(1581570000000-0500)\/","Value":{"Item1":-2147483638,"Item2":10.12,"Item3":10.12,"Item4":10.12,"Item5":10.12,"Item6":0}},{"Key":"\/Date(1581656400000-0500)\/","Value":{"Item1":-2147483638,"Item2":10.12,"Item3":10.12,"Item4":10.12,"Item5":10.12,"Item6":0}},{"Key":"\/Date(1582002000000-0500)\/","Value":{"Item1":-2147483638,"Item2":10.12,"Item3":10.12,"Item4":10.12,"Item5":10.12,"Item6":0}},{"Key":"\/Date(1582088400000-0500)\/","Value":{"Item1":-2147483638,"Item2":10.1,"Item3":10.11,"Item4":10.1,"Item5":10.11,"Item6":270218}},{"Key":"\/Date(1582174800000-0500)\/","Value":{"Item1":-2147483638,"Item2":10.1,"Item3":10.13,"Item4":10.1,"Item5":10.115,"Item6":453999}},{"Key":"\/Date(1582261200000-0500)\/","Value":{"Item1":-2147483638,"Item2":10.1195,"Item3":10.125,"Item4":10.1,"Item5":10.1,"Item6":48500}},{"Key":"\/Date(1582520400000-0500)\/","Value":{"Item1":-2147483638,"Item2":10.1,"Item3":10.1,"Item4":10.1,"Item5":10.1,"Item6":31}},{"Key":"\/Date(1582606800000-0500)\/","Value":{"Item1":-2147483638,"Item2":10.1,"Item3":10.1,"Item4":10.1,"Item5":10.1,"Item6":200026}},{"Key":"\/Date(1582693200000-0500)\/","Value":{"Item1":-2147483638,"Item2":10.1,"Item3":10.1,"Item4":10.1,"Item5":10.1,"Item6":1200}},{"Key":"\/Date(1582779600000-0500)\/","Value":{"Item1":-2147483638,"Item2":10.115,"Item3":10.115,"Item4":10.115,"Item5":10.115,"Item6":100}},{"Key":"\/Date(1582866000000-0500)\/","Value":{"Item1":-2147483638,"Item2":10.115,"Item3":10.115,"Item4":10.115,"Item5":10.115,"Item6":0}},{"Key":"\/Date(1583125200000-0500)\/","Value":{"Item1":-2147483638,"Item2":10.05,"Item3":10.105,"Item4":10.01,"Item5":10.08,"Item6":308881}},{"Key":"\/Date(1583211600000-0500)\/","Value":{"Item1":-2147483638,"Item2":10.08,"Item3":10.08,"Item4":10.08,"Item5":10.08,"Item6":0}},{"Key":"\/Date(1583298000000-0500)\/","Value":{"Item1":-2147483638,"Item2":10.08,"Item3":10.08,"Item4":10.08,"Item5":10.08,"Item6":0}},{"Key":"\/Date(1583384400000-0500)\/","Value":{"Item1":-2147483638,"Item2":10.08,"Item3":10.08,"Item4":10.08,"Item5":10.08,"Item6":0}},{"Key":"\/Date(1583470800000-0500)\/","Value":{"Item1":-2147483638,"Item2":10.05,"Item3":10.05,"Item4":10.05,"Item5":10.05,"Item6":7329}},{"Key":"\/Date(1583726400000-0400)\/","Value":{"Item1":-2147483638,"Item2":10.016,"Item3":10.016,"Item4":10.016,"Item5":10.016,"Item6":100}},{"Key":"\/Date(1583812800000-0400)\/","Value":{"Item1":-2147483638,"Item2":10.016,"Item3":10.016,"Item4":10.016,"Item5":10.016,"Item6":50}},{"Key":"\/Date(1583899200000-0400)\/","Value":{"Item1":-2147483638,"Item2":10.02,"Item3":10.02,"Item4":10,"Item5":10,"Item6":100500}},{"Key":"\/Date(1583985600000-0400)\/","Value":{"Item1":-2147483638,"Item2":9.95,"Item3":9.95,"Item4":9.85,"Item5":9.85,"Item6":1121950}},{"Key":"\/Date(1584072000000-0400)\/","Value":{"Item1":-2147483638,"Item2":9.86,"Item3":10,"Item4":9.84,"Item5":10,"Item6":363445}},{"Key":"\/Date(1584331200000-0400)\/","Value":{"Item1":-2147483638,"Item2":9.71,"Item3":9.8,"Item4":9.59,"Item5":9.7,"Item6":578055}},{"Key":"\/Date(1584417600000-0400)\/","Value":{"Item1":-2147483638,"Item2":9.61,"Item3":9.69,"Item4":9.55,"Item5":9.65,"Item6":2698843}},{"Key":"\/Date(1584504000000-0400)\/","Value":{"Item1":-2147483638,"Item2":9.65,"Item3":9.75,"Item4":9.5,"Item5":9.5,"Item6":661684}},{"Key":"\/Date(1584590400000-0400)\/","Value":{"Item1":-2147483638,"Item2":9.55,"Item3":9.6,"Item4":9.5,"Item5":9.6,"Item6":951862}},{"Key":"\/Date(1584676800000-0400)\/","Value":{"Item1":-2147483638,"Item2":9.6,"Item3":9.6,"Item4":9.6,"Item5":9.6,"Item6":275000}},{"Key":"\/Date(1584936000000-0400)\/","Value":{"Item1":-2147483638,"Item2":9.6,"Item3":9.65,"Item4":9.6,"Item5":9.65,"Item6":10680}},{"Key":"\/Date(1585022400000-0400)\/","Value":{"Item1":-2147483638,"Item2":9.65,"Item3":9.71,"Item4":9.65,"Item5":9.71,"Item6":2100}},{"Key":"\/Date(1585108800000-0400)\/","Value":{"Item1":-2147483638,"Item2":9.73,"Item3":9.97,"Item4":9.73,"Item5":9.97,"Item6":1370}},{"Key":"\/Date(1585195200000-0400)\/","Value":{"Item1":-2147483638,"Item2":9.83,"Item3":9.83,"Item4":9.83,"Item5":9.83,"Item6":40895}},{"Key":"\/Date(1585281600000-0400)\/","Value":{"Item1":-2147483638,"Item2":9.83,"Item3":9.83,"Item4":9.83,"Item5":9.83,"Item6":7}},{"Key":"\/Date(1585540800000-0400)\/","Value":{"Item1":-2147483638,"Item2":9.84,"Item3":9.88,"Item4":9.84,"Item5":9.88,"Item6":32446}},{"Key":"\/Date(1585627200000-0400)\/","Value":{"Item1":-2147483638,"Item2":9.92,"Item3":10.495,"Item4":9.84,"Item5":10.4,"Item6":41415}},{"Key":"\/Date(1585713600000-0400)\/","Value":{"Item1":-2147483638,"Item2":10.22,"Item3":10.23,"Item4":10.22,"Item5":10.23,"Item6":6720}},{"Key":"\/Date(1585800000000-0400)\/","Value":{"Item1":-2147483638,"Item2":10.15,"Item3":10.2,"Item4":10,"Item5":10.09,"Item6":120809}},{"Key":"\/Date(1585886400000-0400)\/","Value":{"Item1":-2147483638,"Item2":9.81,"Item3":10.0124,"Item4":9.8,"Item5":10.0124,"Item6":2445}},{"Key":"\/Date(1586145600000-0400)\/","Value":{"Item1":-2147483638,"Item2":9.84,"Item3":10.04,"Item4":9.84,"Item5":10.04,"Item6":55243}},{"Key":"\/Date(1586232000000-0400)\/","Value":{"Item1":-2147483638,"Item2":10.04,"Item3":10.04,"Item4":10.04,"Item5":10.04,"Item6":0}},{"Key":"\/Date(1586318400000-0400)\/","Value":{"Item1":-2147483638,"Item2":10,"Item3":10,"Item4":9.99,"Item5":10,"Item6":5342}},{"Key":"\/Date(1586404800000-0400)\/","Value":{"Item1":-2147483638,"Item2":9.8,"Item3":9.98,"Item4":9.8,"Item5":9.85,"Item6":2501}},{"Key":"\/Date(1586750400000-0400)\/","Value":{"Item1":-2147483638,"Item2":9.85,"Item3":9.85,"Item4":9.85,"Item5":9.85,"Item6":252}},{"Key":"\/Date(1586836800000-0400)\/","Value":{"Item1":-2147483638,"Item2":9.85,"Item3":9.85,"Item4":9.85,"Item5":9.85,"Item6":0}},{"Key":"\/Date(1586923200000-0400)\/","Value":{"Item1":-2147483638,"Item2":9.85,"Item3":9.85,"Item4":9.85,"Item5":9.85,"Item6":7}},{"Key":"\/Date(1587009600000-0400)\/","Value":{"Item1":-2147483638,"Item2":9.89,"Item3":9.89,"Item4":9.88,"Item5":9.88,"Item6":750135}},{"Key":"\/Date(1587096000000-0400)\/","Value":{"Item1":-2147483638,"Item2":9.9,"Item3":9.9,"Item4":9.9,"Item5":9.9,"Item6":750335}},{"Key":"\/Date(1587355200000-0400)\/","Value":{"Item1":-2147483638,"Item2":9.92,"Item3":9.92,"Item4":9.92,"Item5":9.92,"Item6":200100}},{"Key":"\/Date(1587441600000-0400)\/","Value":{"Item1":-2147483638,"Item2":9.92,"Item3":9.92,"Item4":9.92,"Item5":9.92,"Item6":0}},{"Key":"\/Date(1587528000000-0400)\/","Value":{"Item1":-2147483638,"Item2":10,"Item3":10,"Item4":10,"Item5":10,"Item6":50050}},{"Key":"\/Date(1587614400000-0400)\/","Value":{"Item1":-2147483638,"Item2":9.98,"Item3":9.98,"Item4":9.97,"Item5":9.97,"Item6":178961}},{"Key":"\/Date(1587700800000-0400)\/","Value":{"Item1":-2147483638,"Item2":9.9999,"Item3":10.04,"Item4":9.93,"Item5":10.04,"Item6":552850}},{"Key":"\/Date(1587960000000-0400)\/","Value":{"Item1":-2147483638,"Item2":9.97,"Item3":10.03,"Item4":9.97,"Item5":9.97,"Item6":16503}},{"Key":"\/Date(1588046400000-0400)\/","Value":{"Item1":-2147483638,"Item2":10,"Item3":10,"Item4":9.95,"Item5":9.95,"Item6":830}},{"Key":"\/Date(1588132800000-0400)\/","Value":{"Item1":-2147483638,"Item2":9.95,"Item3":9.95,"Item4":9.95,"Item5":9.95,"Item6":23765}},{"Key":"\/Date(1588219200000-0400)\/","Value":{"Item1":-2147483638,"Item2":9.95,"Item3":9.95,"Item4":9.95,"Item5":9.95,"Item6":1}},{"Key":"\/Date(1588305600000-0400)\/","Value":{"Item1":-2147483638,"Item2":9.95,"Item3":10.04,"Item4":9.95,"Item5":10.04,"Item6":261673}},{"Key":"\/Date(1588564800000-0400)\/","Value":{"Item1":-2147483638,"Item2":9.96,"Item3":9.96,"Item4":9.96,"Item5":9.96,"Item6":200}},{"Key":"\/Date(1588651200000-0400)\/","Value":{"Item1":-2147483638,"Item2":9.97,"Item3":9.97,"Item4":9.92,"Item5":9.93,"Item6":244900}},{"Key":"\/Date(1588737600000-0400)\/","Value":{"Item1":-2147483638,"Item2":9.95,"Item3":10.09,"Item4":9.95,"Item5":9.95,"Item6":1600100}},{"Key":"\/Date(1588824000000-0400)\/","Value":{"Item1":-2147483638,"Item2":9.95,"Item3":9.95,"Item4":9.95,"Item5":9.95,"Item6":225}},{"Key":"\/Date(1588910400000-0400)\/","Value":{"Item1":-2147483638,"Item2":9.95,"Item3":9.95,"Item4":9.95,"Item5":9.95,"Item6":250624}},{"Key":"\/Date(1589169600000-0400)\/","Value":{"Item1":-2147483638,"Item2":9.99,"Item3":9.99,"Item4":9.99,"Item5":9.99,"Item6":206}},{"Key":"\/Date(1589256000000-0400)\/","Value":{"Item1":-2147483638,"Item2":10.03,"Item3":10.05,"Item4":9.9,"Item5":10.02,"Item6":3407}},{"Key":"\/Date(1589342400000-0400)\/","Value":{"Item1":-2147483638,"Item2":10,"Item3":10,"Item4":9.89,"Item5":9.99,"Item6":1603}},{"Key":"\/Date(1589428800000-0400)\/","Value":{"Item1":-2147483638,"Item2":9.99,"Item3":9.99,"Item4":9.99,"Item5":9.99,"Item6":1}},{"Key":"\/Date(1589515200000-0400)\/","Value":{"Item1":-2147483638,"Item2":9.99,"Item3":9.99,"Item4":9.99,"Item5":9.99,"Item6":282}},{"Key":"\/Date(1589774400000-0400)\/","Value":{"Item1":-2147483638,"Item2":9.99,"Item3":9.99,"Item4":9.99,"Item5":9.99,"Item6":1}},{"Key":"\/Date(1589860800000-0400)\/","Value":{"Item1":-2147483638,"Item2":9.99,"Item3":9.99,"Item4":9.99,"Item5":9.99,"Item6":97}},{"Key":"\/Date(1589947200000-0400)\/","Value":{"Item1":-2147483638,"Item2":9.99,"Item3":9.99,"Item4":9.99,"Item5":9.99,"Item6":1}},{"Key":"\/Date(1590033600000-0400)\/","Value":{"Item1":-2147483638,"Item2":9.99,"Item3":9.99,"Item4":9.99,"Item5":9.99,"Item6":0}},{"Key":"\/Date(1590120000000-0400)\/","Value":{"Item1":-2147483638,"Item2":9.99,"Item3":9.99,"Item4":9.99,"Item5":9.99,"Item6":0}},{"Key":"\/Date(1590465600000-0400)\/","Value":{"Item1":-2147483638,"Item2":9.98,"Item3":9.98,"Item4":9.92,"Item5":9.92,"Item6":946}},{"Key":"\/Date(1590552000000-0400)\/","Value":{"Item1":-2147483638,"Item2":9.9391,"Item3":9.9391,"Item4":9.9391,"Item5":9.9391,"Item6":264}},{"Key":"\/Date(1590638400000-0400)\/","Value":{"Item1":-2147483638,"Item2":9.9391,"Item3":9.9391,"Item4":9.9391,"Item5":9.9391,"Item6":0}},{"Key":"\/Date(1590724800000-0400)\/","Value":{"Item1":-2147483638,"Item2":9.93,"Item3":9.93,"Item4":9.93,"Item5":9.93,"Item6":17586}},{"Key":"\/Date(1590984000000-0400)\/","Value":{"Item1":-2147483638,"Item2":9.93,"Item3":9.93,"Item4":9.93,"Item5":9.93,"Item6":20}},{"Key":"\/Date(1591070400000-0400)\/","Value":{"Item1":-2147483638,"Item2":10,"Item3":10,"Item4":9.97,"Item5":9.98,"Item6":456512}},{"Key":"\/Date(1591156800000-0400)\/","Value":{"Item1":-2147483638,"Item2":9.98,"Item3":9.98,"Item4":9.98,"Item5":9.98,"Item6":0}},{"Key":"\/Date(1591243200000-0400)\/","Value":{"Item1":-2147483638,"Item2":10.05,"Item3":10.05,"Item4":10.0149,"Item5":10.0149,"Item6":3022}},{"Key":"\/Date(1591329600000-0400)\/","Value":{"Item1":-2147483638,"Item2":10.0436,"Item3":10.0436,"Item4":9.98,"Item5":9.98,"Item6":345}},{"Key":"\/Date(1591588800000-0400)\/","Value":{"Item1":-2147483638,"Item2":9.98,"Item3":9.98,"Item4":9.98,"Item5":9.98,"Item6":0}},{"Key":"\/Date(1591675200000-0400)\/","Value":{"Item1":-2147483638,"Item2":9.98,"Item3":9.98,"Item4":9.98,"Item5":9.98,"Item6":0}},{"Key":"\/Date(1591761600000-0400)\/","Value":{"Item1":-2147483638,"Item2":10.04,"Item3":10.12,"Item4":10.01,"Item5":10.12,"Item6":1233274}},{"Key":"\/Date(1591848000000-0400)\/","Value":{"Item1":-2147483638,"Item2":10.12,"Item3":10.12,"Item4":10.12,"Item5":10.12,"Item6":0}},{"Key":"\/Date(1591934400000-0400)\/","Value":{"Item1":-2147483638,"Item2":10.09,"Item3":10.09,"Item4":10.09,"Item5":10.09,"Item6":93428}},{"Key":"\/Date(1592193600000-0400)\/","Value":{"Item1":-2147483638,"Item2":10.09,"Item3":10.09,"Item4":10.09,"Item5":10.09,"Item6":17}},{"Key":"\/Date(1592280000000-0400)\/","Value":{"Item1":-2147483638,"Item2":10.08,"Item3":10.08,"Item4":10.08,"Item5":10.08,"Item6":2710}},{"Key":"\/Date(1592366400000-0400)\/","Value":{"Item1":-2147483638,"Item2":10.13,"Item3":10.13,"Item4":10.11,"Item5":10.11,"Item6":20522}},{"Key":"\/Date(1592452800000-0400)\/","Value":{"Item1":-2147483638,"Item2":10.11,"Item3":10.15,"Item4":10.08,"Item5":10.08,"Item6":25756}},{"Key":"\/Date(1592539200000-0400)\/","Value":{"Item1":-2147483638,"Item2":10.18,"Item3":10.18,"Item4":10.01,"Item5":10.01,"Item6":24610}},{"Key":"\/Date(1592798400000-0400)\/","Value":{"Item1":-2147483638,"Item2":10.17,"Item3":10.17,"Item4":10.14,"Item5":10.14,"Item6":3159}},{"Key":"\/Date(1592884800000-0400)\/","Value":{"Item1":-2147483638,"Item2":10.17,"Item3":10.17,"Item4":10.1,"Item5":10.1508,"Item6":12923}},{"Key":"\/Date(1592971200000-0400)\/","Value":{"Item1":-2147483638,"Item2":10.12,"Item3":10.12,"Item4":10.07,"Item5":10.1,"Item6":5504}},{"Key":"\/Date(1593057600000-0400)\/","Value":{"Item1":-2147483638,"Item2":10.1,"Item3":10.1,"Item4":10.1,"Item5":10.1,"Item6":172}},{"Key":"\/Date(1593144000000-0400)\/","Value":{"Item1":-2147483638,"Item2":10.11,"Item3":10.11,"Item4":10.07,"Item5":10.07,"Item6":18032}},{"Key":"\/Date(1593403200000-0400)\/","Value":{"Item1":-2147483638,"Item2":10.1,"Item3":10.23,"Item4":10.079,"Item5":10.2,"Item6":94742}},{"Key":"\/Date(1593489600000-0400)\/","Value":{"Item1":-2147483638,"Item2":10.2,"Item3":10.33,"Item4":10.2,"Item5":10.3,"Item6":342513}},{"Key":"\/Date(1593576000000-0400)\/","Value":{"Item1":-2147483638,"Item2":10.33,"Item3":10.497,"Item4":10.2441,"Item5":10.44,"Item6":41023}},{"Key":"\/Date(1593662400000-0400)\/","Value":{"Item1":-2147483638,"Item2":10.34,"Item3":10.6,"Item4":10.34,"Item5":10.45,"Item6":511267}},{"Key":"\/Date(1594008000000-0400)\/","Value":{"Item1":-2147483638,"Item2":10.45,"Item3":10.9889,"Item4":10.31,"Item5":10.35,"Item6":181045}},{"Key":"\/Date(1594094400000-0400)\/","Value":{"Item1":-2147483638,"Item2":10.3,"Item3":10.37,"Item4":10.3,"Item5":10.36,"Item6":212257}},{"Key":"\/Date(1594180800000-0400)\/","Value":{"Item1":-2147483638,"Item2":10.35,"Item3":10.38,"Item4":10.35,"Item5":10.38,"Item6":61126}},{"Key":"\/Date(1594267200000-0400)\/","Value":{"Item1":-2147483638,"Item2":10.35,"Item3":10.4,"Item4":10.35,"Item5":10.4,"Item6":263499}},{"Key":"\/Date(1594353600000-0400)\/","Value":{"Item1":-2147483638,"Item2":10.2583,"Item3":10.44,"Item4":10.2583,"Item5":10.4,"Item6":113105}},{"Key":"\/Date(1594612800000-0400)\/","Value":{"Item1":-2147483638,"Item2":10.4,"Item3":10.5,"Item4":10.38,"Item5":10.4,"Item6":262246}},{"Key":"\/Date(1594699200000-0400)\/","Value":{"Item1":-2147483638,"Item2":10.4,"Item3":10.5,"Item4":10.38,"Item5":10.42,"Item6":158279}},{"Key":"\/Date(1594785600000-0400)\/","Value":{"Item1":-2147483638,"Item2":10.47,"Item3":10.49,"Item4":10.375,"Item5":10.45,"Item6":121165}},{"Key":"\/Date(1594872000000-0400)\/","Value":{"Item1":-2147483638,"Item2":10.45,"Item3":10.47,"Item4":10.36,"Item5":10.45,"Item6":117936}},{"Key":"\/Date(1594958400000-0400)\/","Value":{"Item1":-2147483638,"Item2":10.44,"Item3":10.5,"Item4":10.41,"Item5":10.45,"Item6":78641}},{"Key":"\/Date(1595217600000-0400)\/","Value":{"Item1":-2147483638,"Item2":10.45,"Item3":10.48,"Item4":10.39,"Item5":10.45,"Item6":14539}},{"Key":"\/Date(1595304000000-0400)\/","Value":{"Item1":-2147483638,"Item2":10.49,"Item3":10.5,"Item4":10.38,"Item5":10.485,"Item6":143887}},{"Key":"\/Date(1595390400000-0400)\/","Value":{"Item1":-2147483638,"Item2":10.48,"Item3":10.49,"Item4":10.4199,"Item5":10.486,"Item6":21033}},{"Key":"\/Date(1595476800000-0400)\/","Value":{"Item1":-2147483638,"Item2":10.3881,"Item3":10.485,"Item4":10.36,"Item5":10.36,"Item6":41768}},{"Key":"\/Date(1595563200000-0400)\/","Value":{"Item1":-2147483638,"Item2":10.48,"Item3":10.48,"Item4":10.41,"Item5":10.44,"Item6":2430}},{"Key":"\/Date(1595822400000-0400)\/","Value":{"Item1":-2147483638,"Item2":10.4719,"Item3":10.4998,"Item4":10.4,"Item5":10.4,"Item6":22730}},{"Key":"\/Date(1595908800000-0400)\/","Value":{"Item1":-2147483638,"Item2":10.48,"Item3":10.5,"Item4":10.425,"Item5":10.49,"Item6":10013}},{"Key":"\/Date(1595995200000-0400)\/","Value":{"Item1":-2147483638,"Item2":10.49,"Item3":10.49,"Item4":10.36,"Item5":10.38,"Item6":130754}},{"Key":"\/Date(1596081600000-0400)\/","Value":{"Item1":-2147483638,"Item2":10.3621,"Item3":10.45,"Item4":10.3,"Item5":10.375,"Item6":39202}},{"Key":"\/Date(1596168000000-0400)\/","Value":{"Item1":-2147483638,"Item2":10.45,"Item3":10.45,"Item4":10.155,"Item5":10.24,"Item6":269809}},{"Key":"\/Date(1596427200000-0400)\/","Value":{"Item1":-2147483638,"Item2":11.65,"Item3":12.45,"Item4":11.11,"Item5":12.39,"Item6":17846913}},{"Key":"\/Date(1596513600000-0400)\/","Value":{"Item1":-2147483638,"Item2":14.1,"Item3":15.1,"Item4":12.64,"Item5":13,"Item6":21140834}},{"Key":"\/Date(1596600000000-0400)\/","Value":{"Item1":-2147483638,"Item2":13.4,"Item3":13.68,"Item4":12.3,"Item5":12.43,"Item6":5010496}},{"Key":"\/Date(1596686400000-0400)\/","Value":{"Item1":-2147483638,"Item2":12.4,"Item3":12.7399,"Item4":12.1,"Item5":12.4,"Item6":2532893}},{"Key":"\/Date(1596772800000-0400)\/","Value":{"Item1":-2147483638,"Item2":12.2,"Item3":12.4,"Item4":11.75,"Item5":12.25,"Item6":3270074}},{"Key":"\/Date(1597032000000-0400)\/","Value":{"Item1":-2147483638,"Item2":12.35,"Item3":12.95,"Item4":12.3,"Item5":12.58,"Item6":2123227}},{"Key":"\/Date(1597118400000-0400)\/","Value":{"Item1":-2147483638,"Item2":12.72,"Item3":12.72,"Item4":12.26,"Item5":12.37,"Item6":1747179}},{"Key":"\/Date(1597204800000-0400)\/","Value":{"Item1":-2147483638,"Item2":12.27,"Item3":12.6,"Item4":12.25,"Item5":12.6,"Item6":1198918}},{"Key":"\/Date(1597291200000-0400)\/","Value":{"Item1":-2147483638,"Item2":12.51,"Item3":13.23,"Item4":12.37,"Item5":12.93,"Item6":1630095}},{"Key":"\/Date(1597377600000-0400)\/","Value":{"Item1":-2147483638,"Item2":13.1,"Item3":13.1,"Item4":12.565,"Item5":12.97,"Item6":901717}},{"Key":"\/Date(1597636800000-0400)\/","Value":{"Item1":-2147483638,"Item2":13.1,"Item3":13.56,"Item4":12.81,"Item5":13.55,"Item6":1949066}},{"Key":"\/Date(1597723200000-0400)\/","Value":{"Item1":-2147483638,"Item2":13.99,"Item3":14.7,"Item4":13.56,"Item5":13.74,"Item6":2754016}},{"Key":"\/Date(1597809600000-0400)\/","Value":{"Item1":-2147483638,"Item2":13.93,"Item3":14.5,"Item4":13.81,"Item5":14.4,"Item6":2054300}},{"Key":"\/Date(1597896000000-0400)\/","Value":{"Item1":-2147483638,"Item2":14.5,"Item3":14.76,"Item4":13.9,"Item5":13.95,"Item6":2400971}},{"Key":"\/Date(1597982400000-0400)\/","Value":{"Item1":-2147483638,"Item2":13.75,"Item3":13.98,"Item4":13.2,"Item5":13.34,"Item6":1994779}},{"Key":"\/Date(1598241600000-0400)\/","Value":{"Item1":-2147483638,"Item2":13.809,"Item3":14.35,"Item4":13.8001,"Item5":14.17,"Item6":2047627}},{"Key":"\/Date(1598328000000-0400)\/","Value":{"Item1":-2147483638,"Item2":14.36,"Item3":14.55,"Item4":14.0338,"Item5":14.45,"Item6":1931294}},{"Key":"\/Date(1598414400000-0400)\/","Value":{"Item1":-2147483638,"Item2":15.9,"Item3":17.11,"Item4":15.6401,"Item5":16,"Item6":5640934}},{"Key":"\/Date(1598500800000-0400)\/","Value":{"Item1":-2147483638,"Item2":16.25,"Item3":18.97,"Item4":16.21,"Item5":17.83,"Item6":6552906}},{"Key":"\/Date(1598587200000-0400)\/","Value":{"Item1":-2147483638,"Item2":18.88,"Item3":19.75,"Item4":17.26,"Item5":17.64,"Item6":4858683}},{"Key":"\/Date(1598846400000-0400)\/","Value":{"Item1":-2147483638,"Item2":18.34,"Item3":18.49,"Item4":16.05,"Item5":16.78,"Item6":3327337}},{"Key":"\/Date(1598932800000-0400)\/","Value":{"Item1":-2147483638,"Item2":16.55,"Item3":17.53,"Item4":16.15,"Item5":17.25,"Item6":2114526}},{"Key":"\/Date(1599019200000-0400)\/","Value":{"Item1":-2147483638,"Item2":17.75,"Item3":18.7,"Item4":17.42,"Item5":18,"Item6":3103404}},{"Key":"\/Date(1599105600000-0400)\/","Value":{"Item1":-2147483638,"Item2":17.97,"Item3":19.45,"Item4":16.85,"Item5":17.9,"Item6":3804696}},{"Key":"\/Date(1599192000000-0400)\/","Value":{"Item1":-2147483638,"Item2":17.55,"Item3":18.36,"Item4":15.51,"Item5":17.6,"Item6":3239026}},{"Key":"\/Date(1599537600000-0400)\/","Value":{"Item1":-2147483638,"Item2":17,"Item3":18.68,"Item4":16.65,"Item5":17.78,"Item6":2831382}},{"Key":"\/Date(1599624000000-0400)\/","Value":{"Item1":-2147483638,"Item2":18.55,"Item3":21.68,"Item4":18.16,"Item5":19.98,"Item6":5633986}},{"Key":"\/Date(1599710400000-0400)\/","Value":{"Item1":-2147483638,"Item2":21.7,"Item3":22.5234,"Item4":20.08,"Item5":21.1,"Item6":5057363}},{"Key":"\/Date(1599796800000-0400)\/","Value":{"Item1":-2147483638,"Item2":22.54,"Item3":25.3,"Item4":22.47,"Item5":24.68,"Item6":8811353}},{"Key":"\/Date(1600056000000-0400)\/","Value":{"Item1":-2147483638,"Item2":27.2,"Item3":30,"Item4":25.04,"Item5":28,"Item6":10702786}},{"Key":"\/Date(1600142400000-0400)\/","Value":{"Item1":-2147483638,"Item2":26.66,"Item3":29.79,"Item4":25.15,"Item5":26.58,"Item6":9676558}},{"Key":"\/Date(1600228800000-0400)\/","Value":{"Item1":-2147483638,"Item2":26.69,"Item3":28.8,"Item4":26.67,"Item5":27.45,"Item6":3710260}},{"Key":"\/Date(1600315200000-0400)\/","Value":{"Item1":-2147483638,"Item2":26.8,"Item3":28.7,"Item4":26.7,"Item5":27.88,"Item6":3342692}},{"Key":"\/Date(1600401600000-0400)\/","Value":{"Item1":-2147483638,"Item2":28.6,"Item3":30.23,"Item4":28.03,"Item5":29.01,"Item6":3413508}},{"Key":"\/Date(1600660800000-0400)\/","Value":{"Item1":-2147483638,"Item2":29.29,"Item3":31.5,"Item4":28.3,"Item5":31.4,"Item6":3879533}},{"Key":"\/Date(1600747200000-0400)\/","Value":{"Item1":-2147483638,"Item2":30.89,"Item3":31.8,"Item4":26.8,"Item5":28.17,"Item6":5142017}},{"Key":"\/Date(1600833600000-0400)\/","Value":{"Item1":-2147483638,"Item2":27.77,"Item3":27.92,"Item4":22.76,"Item5":24.4,"Item6":7826160}},{"Key":"\/Date(1600920000000-0400)\/","Value":{"Item1":-2147483638,"Item2":20.27,"Item3":24.72,"Item4":18.54,"Item5":21.8,"Item6":7941372}},{"Key":"\/Date(1601006400000-0400)\/","Value":{"Item1":-2147483638,"Item2":23.71,"Item3":25,"Item4":23.2,"Item5":23.89,"Item6":4000473}},{"Key":"\/Date(1601265600000-0400)\/","Value":{"Item1":-2147483638,"Item2":25.92,"Item3":27.5,"Item4":24.62,"Item5":26.95,"Item6":5503265}},{"Key":"\/Date(1601352000000-0400)\/","Value":{"Item1":-2147483638,"Item2":27,"Item3":28.12,"Item4":25.5,"Item5":27.4,"Item6":2549118}},{"Key":"\/Date(1601438400000-0400)\/","Value":{"Item1":-2147483638,"Item2":26.9,"Item3":27.9,"Item4":25.5109,"Item5":25.75,"Item6":2133574}},{"Key":"\/Date(1601524800000-0400)\/","Value":{"Item1":-2147483638,"Item2":26.14,"Item3":26.38,"Item4":24.68,"Item5":24.97,"Item6":1906705}},{"Key":"\/Date(1601611200000-0400)\/","Value":{"Item1":-2147483638,"Item2":22.52,"Item3":24.5,"Item4":22.1,"Item5":23.4,"Item6":2270684}},{"Key":"\/Date(1601870400000-0400)\/","Value":{"Item1":-2147483638,"Item2":24.6628,"Item3":24.6628,"Item4":21.645,"Item5":23.28,"Item6":2229686}},{"Key":"\/Date(1601956800000-0400)\/","Value":{"Item1":-2147483638,"Item2":23,"Item3":23.4753,"Item4":20.53,"Item5":21.58,"Item6":3150681}},{"Key":"\/Date(1602043200000-0400)\/","Value":{"Item1":-2147483638,"Item2":21.8,"Item3":22.5,"Item4":20.6,"Item5":21.61,"Item6":2615443}},{"Key":"\/Date(1602129600000-0400)\/","Value":{"Item1":-2147483638,"Item2":21.325,"Item3":22.41,"Item4":20.28,"Item5":20.57,"Item6":2670560}},{"Key":"\/Date(1602216000000-0400)\/","Value":{"Item1":-2147483638,"Item2":22.4,"Item3":23.4,"Item4":21.05,"Item5":23.2,"Item6":4520422}},{"Key":"\/Date(1602475200000-0400)\/","Value":{"Item1":-2147483638,"Item2":25.42,"Item3":26.95,"Item4":23.5,"Item5":25.19,"Item6":5938461}},{"Key":"\/Date(1602561600000-0400)\/","Value":{"Item1":-2147483638,"Item2":25.2,"Item3":25.8,"Item4":22.6,"Item5":25.6,"Item6":5212070}},{"Key":"\/Date(1602648000000-0400)\/","Value":{"Item1":-2147483638,"Item2":25.16,"Item3":25.3737,"Item4":24.2,"Item5":24.55,"Item6":2022187}},{"Key":"\/Date(1602734400000-0400)\/","Value":{"Item1":-2147483638,"Item2":23.01,"Item3":23.9,"Item4":22.23,"Item5":22.83,"Item6":2106693}},{"Key":"\/Date(1602820800000-0400)\/","Value":{"Item1":-2147483638,"Item2":23.13,"Item3":23.45,"Item4":22.7,"Item5":23.03,"Item6":1652219}},{"Key":"\/Date(1603080000000-0400)\/","Value":{"Item1":-2147483638,"Item2":22.84,"Item3":22.9712,"Item4":21.6,"Item5":21.75,"Item6":1928219}},{"Key":"\/Date(1603166400000-0400)\/","Value":{"Item1":-2147483638,"Item2":21.46,"Item3":21.5,"Item4":18.75,"Item5":19.17,"Item6":5109549}},{"Key":"\/Date(1603252800000-0400)\/","Value":{"Item1":-2147483638,"Item2":19.93,"Item3":22.95,"Item4":19.25,"Item5":21.42,"Item6":4655336}},{"Key":"\/Date(1603339200000-0400)\/","Value":{"Item1":-2147483638,"Item2":20.814,"Item3":21.49,"Item4":19.72,"Item5":20.45,"Item6":2958547}},{"Key":"\/Date(1603425600000-0400)\/","Value":{"Item1":-2147483638,"Item2":20.15,"Item3":20.35,"Item4":18.05,"Item5":18.21,"Item6":3633727}},{"Key":"\/Date(1603684800000-0400)\/","Value":{"Item1":-2147483638,"Item2":19.32,"Item3":21.75,"Item4":18.21,"Item5":18.97,"Item6":4959749}},{"Key":"\/Date(1603771200000-0400)\/","Value":{"Item1":-2147483638,"Item2":19.06,"Item3":19.5,"Item4":16.5,"Item5":16.56,"Item6":5250299}},{"Key":"\/Date(1603857600000-0400)\/","Value":{"Item1":-2147483638,"Item2":14.52,"Item3":14.87,"Item4":13.54,"Item5":14.03,"Item6":6361477}},{"Key":"\/Date(1603944000000-0400)\/","Value":{"Item1":-2147483638,"Item2":14.74,"Item3":15.48,"Item4":14.55,"Item5":14.74,"Item6":3439378}},{"Key":"\/Date(1604030400000-0400)\/","Value":{"Item1":-2147483638,"Item2":14.4,"Item3":14.6,"Item4":12.8,"Item5":13.05,"Item6":3405885}},{"Key":"\/Date(1604293200000-0500)\/","Value":{"Item1":-2147483638,"Item2":13.76,"Item3":13.95,"Item4":13,"Item5":13.07,"Item6":2131216}},{"Key":"\/Date(1604379600000-0500)\/","Value":{"Item1":-2147483638,"Item2":13.61,"Item3":17.7,"Item4":13.55,"Item5":15.99,"Item6":12244067}},{"Key":"\/Date(1604466000000-0500)\/","Value":{"Item1":-2147483638,"Item2":17.25,"Item3":18.85,"Item4":16.55,"Item5":16.85,"Item6":9347607}},{"Key":"\/Date(1604552400000-0500)\/","Value":{"Item1":-2147483638,"Item2":17.77,"Item3":18.5,"Item4":17.2,"Item5":18.1,"Item6":4218894}},{"Key":"\/Date(1604638800000-0500)\/","Value":{"Item1":-2147483638,"Item2":17.91,"Item3":18.5,"Item4":16.9,"Item5":17.89,"Item6":2782013}},{"Key":"\/Date(1604898000000-0500)\/","Value":{"Item1":-2147483638,"Item2":18.59,"Item3":18.95,"Item4":17.2901,"Item5":17.86,"Item6":3459846}},{"Key":"\/Date(1604984400000-0500)\/","Value":{"Item1":-2147483638,"Item2":17.66,"Item3":17.6999,"Item4":16.05,"Item5":16.76,"Item6":2556739}},{"Key":"\/Date(1605070800000-0500)\/","Value":{"Item1":-2147483638,"Item2":16.82,"Item3":17.45,"Item4":16.41,"Item5":17.34,"Item6":1526235}},{"Key":"\/Date(1605157200000-0500)\/","Value":{"Item1":-2147483638,"Item2":17,"Item3":17.3,"Item4":16.63,"Item5":16.7,"Item6":2883294}},{"Key":"\/Date(1605243600000-0500)\/","Value":{"Item1":-2147483638,"Item2":17.2,"Item3":18.1894,"Item4":16.85,"Item5":17.9,"Item6":3281050}},{"Key":"\/Date(1605502800000-0500)\/","Value":{"Item1":-2147483638,"Item2":18.89,"Item3":22.75,"Item4":18.65,"Item5":22.55,"Item6":9119259}},{"Key":"\/Date(1605589200000-0500)\/","Value":{"Item1":-2147483638,"Item2":22.82,"Item3":25.76,"Item4":22.25,"Item5":24.7,"Item6":13444166}},{"Key":"\/Date(1605675600000-0500)\/","Value":{"Item1":-2147483638,"Item2":26.5,"Item3":29.7,"Item4":25.98,"Item5":27.5,"Item6":18332958}},{"Key":"\/Date(1605762000000-0500)\/","Value":{"Item1":-2147483638,"Item2":27.97,"Item3":29.42,"Item4":25,"Item5":25.44,"Item6":11895615}},{"Key":"\/Date(1605848400000-0500)\/","Value":{"Item1":-2147483638,"Item2":25.88,"Item3":27.3,"Item4":25.58,"Item5":26.46,"Item6":6464420}},{"Key":"\/Date(1606107600000-0500)\/","Value":{"Item1":-2147483638,"Item2":27.37,"Item3":29.41,"Item4":27,"Item5":28.6,"Item6":7269266}},{"Key":"\/Date(1606194000000-0500)\/","Value":{"Item1":-2147483638,"Item2":30.0771,"Item3":30.75,"Item4":26.14,"Item5":27.37,"Item6":7696279}},{"Key":"\/Date(1606280400000-0500)\/","Value":{"Item1":-2147483638,"Item2":26.13,"Item3":28.37,"Item4":25.85,"Item5":27.12,"Item6":4244302}},{"Key":"\/Date(1606453200000-0500)\/","Value":{"Item1":-2147483638,"Item2":27,"Item3":27.15,"Item4":25.96,"Item5":26.5,"Item6":3047004}},{"Key":"\/Date(1606712400000-0500)\/","Value":{"Item1":-2147483638,"Item2":25.8916,"Item3":25.9,"Item4":23.13,"Item5":24.6,"Item6":5194913}},{"Key":"\/Date(1606798800000-0500)\/","Value":{"Item1":-2147483638,"Item2":24.95,"Item3":25.37,"Item4":23.2,"Item5":23.41,"Item6":3708488}},{"Key":"\/Date(1606885200000-0500)\/","Value":{"Item1":-2147483638,"Item2":20.75,"Item3":22.7,"Item4":20,"Item5":22.08,"Item6":5645010}},{"Key":"\/Date(1606971600000-0500)\/","Value":{"Item1":-2147483638,"Item2":23,"Item3":23.79,"Item4":22.7,"Item5":22.99,"Item6":3346466}},{"Key":"\/Date(1607058000000-0500)\/","Value":{"Item1":-2147483638,"Item2":22.72,"Item3":24.266,"Item4":22,"Item5":23.47,"Item6":3703168}},{"Key":"\/Date(1607317200000-0500)\/","Value":{"Item1":-2147483638,"Item2":21.8412,"Item3":21.9,"Item4":20.02,"Item5":20.08,"Item6":12452545}},{"Key":"\/Date(1607403600000-0500)\/","Value":{"Item1":-2147483638,"Item2":20.82,"Item3":20.9,"Item4":19.25,"Item5":19.37,"Item6":9036550}},{"Key":"\/Date(1607490000000-0500)\/","Value":{"Item1":-2147483638,"Item2":19.72,"Item3":20.62,"Item4":19,"Item5":19.2,"Item6":6375605}},{"Key":"\/Date(1607576400000-0500)\/","Value":{"Item1":-2147483638,"Item2":18.25,"Item3":19.2,"Item4":18.05,"Item5":18.17,"Item6":6751234}},{"Key":"\/Date(1607662800000-0500)\/","Value":{"Item1":-2147483638,"Item2":20.37,"Item3":21.75,"Item4":19.4001,"Item5":19.58,"Item6":20829410}},{"Key":"\/Date(1607922000000-0500)\/","Value":{"Item1":-2147483638,"Item2":19.995,"Item3":20.3,"Item4":18.96,"Item5":19,"Item6":7355890}},{"Key":"\/Date(1608008400000-0500)\/","Value":{"Item1":-2147483638,"Item2":19.9,"Item3":20.85,"Item4":19.22,"Item5":20.71,"Item6":11294596}},{"Key":"\/Date(1608094800000-0500)\/","Value":{"Item1":-2147483638,"Item2":20.71,"Item3":21,"Item4":19.03,"Item5":19.36,"Item6":11562300}},{"Key":"\/Date(1608181200000-0500)\/","Value":{"Item1":-2147483638,"Item2":19.35,"Item3":19.8,"Item4":18.86,"Item5":19.22,"Item6":9349296}},{"Key":"\/Date(1608267600000-0500)\/","Value":{"Item1":-2147483638,"Item2":19.24,"Item3":19.48,"Item4":18.68,"Item5":18.72,"Item6":15109711}},{"Key":"\/Date(1608526800000-0500)\/","Value":{"Item1":-2147483638,"Item2":18.51,"Item3":19.45,"Item4":18.21,"Item5":19.35,"Item6":9300753}},{"Key":"\/Date(1608613200000-0500)\/","Value":{"Item1":-2147483638,"Item2":19.75,"Item3":21.17,"Item4":19.72,"Item5":20.52,"Item6":13601770}},{"Key":"\/Date(1608699600000-0500)\/","Value":{"Item1":-2147483638,"Item2":21.79,"Item3":24.17,"Item4":21,"Item5":22.61,"Item6":24171837}},{"Key":"\/Date(1608786000000-0500)\/","Value":{"Item1":-2147483638,"Item2":23.39,"Item3":23.6,"Item4":21.31,"Item5":21.74,"Item6":10092217}},{"Key":"\/Date(1609131600000-0500)\/","Value":{"Item1":-2147483638,"Item2":22.77,"Item3":23.31,"Item4":21.25,"Item5":21.98,"Item6":16418936}},{"Key":"\/Date(1609218000000-0500)\/","Value":{"Item1":-2147483638,"Item2":21.8,"Item3":22.2,"Item4":20.26,"Item5":21.34,"Item6":7007264}},{"Key":"\/Date(1609304400000-0500)\/","Value":{"Item1":-2147483638,"Item2":21.1,"Item3":22.36,"Item4":21.02,"Item5":21.52,"Item6":8187251}},{"Key":"\/Date(1609390800000-0500)\/","Value":{"Item1":-2147483638,"Item2":21.38,"Item3":21.46,"Item4":20.02,"Item5":20.06,"Item6":5769470}},{"Key":"\/Date(1609736400000-0500)\/","Value":{"Item1":-2147483638,"Item2":20.34,"Item3":20.44,"Item4":19.25,"Item5":20.38,"Item6":5467841}},{"Key":"\/Date(1609822800000-0500)\/","Value":{"Item1":-2147483638,"Item2":19.96,"Item3":20.89,"Item4":19.9,"Item5":20.55,"Item6":5787868}},{"Key":"\/Date(1609909200000-0500)\/","Value":{"Item1":-2147483638,"Item2":21.07,"Item3":21.9,"Item4":20.66,"Item5":21.58,"Item6":10682579}},{"Key":"\/Date(1609995600000-0500)\/","Value":{"Item1":-2147483638,"Item2":22.385,"Item3":23.48,"Item4":22.12,"Item5":23.29,"Item6":13310353}},{"Key":"\/Date(1610082000000-0500)\/","Value":{"Item1":-2147483638,"Item2":23.3061,"Item3":23.86,"Item4":21.1556,"Item5":21.98,"Item6":14768072}},{"Key":"\/Date(1610341200000-0500)\/","Value":{"Item1":-2147483638,"Item2":22.43,"Item3":28.7,"Item4":21.75,"Item5":27.11,"Item6":41048589}},{"Key":"\/Date(1610427600000-0500)\/","Value":{"Item1":-2147483638,"Item2":26.35,"Item3":27.75,"Item4":24.81,"Item5":25.45,"Item6":17767494}},{"Key":"\/Date(1610514000000-0500)\/","Value":{"Item1":-2147483638,"Item2":26.66,"Item3":28.3999,"Item4":25.7,"Item5":25.82,"Item6":15111899}},{"Key":"\/Date(1610600400000-0500)\/","Value":{"Item1":-2147483638,"Item2":26.44,"Item3":26.48,"Item4":25.11,"Item5":25.26,"Item6":6821458}},{"Key":"\/Date(1610686800000-0500)\/","Value":{"Item1":-2147483638,"Item2":25.21,"Item3":25.87,"Item4":23.88,"Item5":24.23,"Item6":6818957}},{"Key":"\/Date(1611032400000-0500)\/","Value":{"Item1":-2147483638,"Item2":24.74,"Item3":24.98,"Item4":23.3,"Item5":24.23,"Item6":5291452}},{"Key":"\/Date(1611118800000-0500)\/","Value":{"Item1":-2147483638,"Item2":24.3,"Item3":24.69,"Item4":23.2,"Item5":23.27,"Item6":5527159}},{"Key":"\/Date(1611205200000-0500)\/","Value":{"Item1":-2147483638,"Item2":23.3869,"Item3":24.22,"Item4":22.65,"Item5":24.01,"Item6":5845727}},{"Key":"\/Date(1611291600000-0500)\/","Value":{"Item1":-2147483638,"Item2":23.31,"Item3":24.94,"Item4":23.07,"Item5":23.66,"Item6":4989343}},{"Key":"\/Date(1611550800000-0500)\/","Value":{"Item1":-2147483638,"Item2":23.85,"Item3":24.63,"Item4":22.5,"Item5":23.21,"Item6":7704794}},{"Key":"\/Date(1611637200000-0500)\/","Value":{"Item1":-2147483638,"Item2":25.0865,"Item3":27.93,"Item4":24.61,"Item5":26.45,"Item6":22329962}},{"Key":"\/Date(1611723600000-0500)\/","Value":{"Item1":-2147483638,"Item2":25.94,"Item3":30.74,"Item4":25.4,"Item5":26.06,"Item6":16736064}},{"Key":"\/Date(1611810000000-0500)\/","Value":{"Item1":-2147483638,"Item2":26.85,"Item3":27.33,"Item4":23.93,"Item5":25.32,"Item6":7199030}},{"Key":"\/Date(1611896400000-0500)\/","Value":{"Item1":-2147483638,"Item2":25.64,"Item3":26.98,"Item4":24.54,"Item5":25.18,"Item6":6242652}},{"Key":"\/Date(1612155600000-0500)\/","Value":{"Item1":-2147483638,"Item2":25.41,"Item3":25.87,"Item4":24.67,"Item5":25.5,"Item6":4509738}},{"Key":"\/Date(1612242000000-0500)\/","Value":{"Item1":-2147483638,"Item2":26.25,"Item3":26.26,"Item4":24.12,"Item5":24.76,"Item6":5673325}},{"Key":"\/Date(1612328400000-0500)\/","Value":{"Item1":-2147483638,"Item2":25.05,"Item3":27.65,"Item4":24.58,"Item5":27.25,"Item6":9148172}},{"Key":"\/Date(1612414800000-0500)\/","Value":{"Item1":-2147483638,"Item2":27.75,"Item3":28.45,"Item4":26.6,"Item5":27.41,"Item6":6238542}},{"Key":"\/Date(1612501200000-0500)\/","Value":{"Item1":-2147483638,"Item2":28.2,"Item3":28.37,"Item4":26.2,"Item5":26.77,"Item6":5550550}},{"Key":"\/Date(1612760400000-0500)\/","Value":{"Item1":-2147483638,"Item2":27.06,"Item3":27.88,"Item4":26.53,"Item5":27.4,"Item6":4232430}},{"Key":"\/Date(1612846800000-0500)\/","Value":{"Item1":-2147483638,"Item2":27.42,"Item3":27.73,"Item4":26.35,"Item5":27.63,"Item6":4844559}},{"Key":"\/Date(1612933200000-0500)\/","Value":{"Item1":-2147483638,"Item2":27.77,"Item3":30.86,"Item4":27.35,"Item5":29.51,"Item6":15140173}},{"Key":"\/Date(1613019600000-0500)\/","Value":{"Item1":-2147483638,"Item2":29.5,"Item3":31.5678,"Item4":28.6701,"Item5":30.75,"Item6":10651634}},{"Key":"\/Date(1613106000000-0500)\/","Value":{"Item1":-2147483638,"Item2":28.16,"Item3":28.6899,"Item4":26.5,"Item5":26.91,"Item6":14470080}},{"Key":"\/Date(1613451600000-0500)\/","Value":{"Item1":-2147483638,"Item2":26.9965,"Item3":27.4,"Item4":24.71,"Item5":25.11,"Item6":9730819}},{"Key":"\/Date(1613538000000-0500)\/","Value":{"Item1":-2147483638,"Item2":25.48,"Item3":25.5,"Item4":23.63,"Item5":24.74,"Item6":6711926}},{"Key":"\/Date(1613624400000-0500)\/","Value":{"Item1":-2147483638,"Item2":24.554,"Item3":25.2,"Item4":24.05,"Item5":24.55,"Item6":5329368}},{"Key":"\/Date(1613710800000-0500)\/","Value":{"Item1":-2147483638,"Item2":24.59,"Item3":25.68,"Item4":24.2302,"Item5":24.76,"Item6":5584460}},{"Key":"\/Date(1613970000000-0500)\/","Value":{"Item1":-2147483638,"Item2":24.24,"Item3":24.96,"Item4":22.5,"Item5":22.74,"Item6":5764180}},{"Key":"\/Date(1614056400000-0500)\/","Value":{"Item1":-2147483638,"Item2":21.44,"Item3":21.45,"Item4":18.6056,"Item5":19.69,"Item6":17230483}},{"Key":"\/Date(1614142800000-0500)\/","Value":{"Item1":-2147483638,"Item2":20,"Item3":21.39,"Item4":19.25,"Item5":21.18,"Item6":7803944}},{"Key":"\/Date(1614229200000-0500)\/","Value":{"Item1":-2147483638,"Item2":20.61,"Item3":21.65,"Item4":19.02,"Item5":19.74,"Item6":7470763}},{"Key":"\/Date(1614315600000-0500)\/","Value":{"Item1":-2147483638,"Item2":19.5417,"Item3":19.9899,"Item4":18.35,"Item5":19.34,"Item6":6120464}},{"Key":"\/Date(1614574800000-0500)\/","Value":{"Item1":-2147483638,"Item2":20.47,"Item3":20.59,"Item4":19.54,"Item5":20.16,"Item6":3654436}},{"Key":"\/Date(1614661200000-0500)\/","Value":{"Item1":-2147483638,"Item2":21.39,"Item3":21.9199,"Item4":20.22,"Item5":20.59,"Item6":5447716}},{"Key":"\/Date(1614747600000-0500)\/","Value":{"Item1":-2147483638,"Item2":20.7,"Item3":20.87,"Item4":18.77,"Item5":19.03,"Item6":4984103}},{"Key":"\/Date(1614834000000-0500)\/","Value":{"Item1":-2147483638,"Item2":19,"Item3":19.07,"Item4":16.61,"Item5":17.79,"Item6":8129159}},{"Key":"\/Date(1614920400000-0500)\/","Value":{"Item1":-2147483638,"Item2":18.07,"Item3":18.0878,"Item4":14.9,"Item5":16.77,"Item6":10070122}},{"Key":"\/Date(1615179600000-0500)\/","Value":{"Item1":-2147483638,"Item2":16.6707,"Item3":18.04,"Item4":16.11,"Item5":16.26,"Item6":6422893}},{"Key":"\/Date(1615266000000-0500)\/","Value":{"Item1":-2147483638,"Item2":17.09,"Item3":17.75,"Item4":16.6309,"Item5":17.3,"Item6":6374857}},{"Key":"\/Date(1615352400000-0500)\/","Value":{"Item1":-2147483638,"Item2":18.5,"Item3":18.5,"Item4":16.25,"Item5":17,"Item6":7046284}},{"Key":"\/Date(1615438800000-0500)\/","Value":{"Item1":-2147483638,"Item2":17.43,"Item3":17.98,"Item4":17,"Item5":17.71,"Item6":6519718}}],"Type":0,"m_HistoricalHeadTime":"\/Date(1555473600000-0400)\/"}