{"ContractKey":{"Item1":"AAPL","Item2":1020,"Item3":"STOCK"},"DataLUT":[{"Key":{"Item1":"Dividend","Item2":"\/Date(1612501200000-0500)\/"},"Value":{"__type":"Dividend:#Pacmio","AsOfDate":"\/Date(1612501200000-0500)\/","Close_Price":136.76,"DataSource":-2147483638,"DeclarationDate":"\/Date(-62135578800000-0500)\/","Dividend":0.205,"ExDate":"\/Date(1612501200000-0500)\/","PayDate":"\/Date(-62135578800000-0500)\/","RecordDate":"\/Date(-62135578800000-0500)\/"}},{"Key":{"Item1":"Dividend","Item2":"\/Date(1604638800000-0500)\/"},"Value":{"__type":"Dividend:#Pacmio","AsOfDate":"\/Date(1604638800000-0500)\/","Close_Price":118.69,"DataSource":-2147483638,"DeclarationDate":"\/Date(-62135578800000-0500)\/","Dividend":0.205,"ExDate":"\/Date(1604638800000-0500)\/","PayDate":"\/Date(-62135578800000-0500)\/","RecordDate":"\/Date(-62135578800000-0500)\/"}},{"Key":{"Item1":"Split","Item2":"\/Date(1598846400000-0400)\/"},"Value":{"__type":"Split:#Pacmio","AsOfDate":"\/Date(1598846400000-0400)\/","Close_Price":129.04,"DataSource":-2147483638,"Split":4}},{"Key":{"Item1":"Dividend","Item2":"\/Date(1596772800000-0400)\/"},"Value":{"__type":"Dividend:#Pacmio","AsOfDate":"\/Date(1596772800000-0400)\/","Close_Price":444.45,"DataSource":-2147483638,"DeclarationDate":"\/Date(-62135578800000-0500)\/","Dividend":0.82,"ExDate":"\/Date(1596772800000-0400)\/","PayDate":"\/Date(-62135578800000-0500)\/","RecordDate":"\/Date(-62135578800000-0500)\/"}},{"Key":{"Item1":"Dividend","Item2":"\/Date(1588910400000-0400)\/"},"Value":{"__type":"Dividend:#Pacmio","AsOfDate":"\/Date(1588910400000-0400)\/","Close_Price":310.13,"DataSource":-2147483638,"DeclarationDate":"\/Date(-62135578800000-0500)\/","Dividend":0.82,"ExDate":"\/Date(1588910400000-0400)\/","PayDate":"\/Date(-62135578800000-0500)\/","RecordDate":"\/Date(-62135578800000-0500)\/"}},{"Key":{"Item1":"Dividend","Item2":"\/Date(1581051600000-0500)\/"},"Value":{"__type":"Dividend:#Pacmio","AsOfDate":"\/Date(1581051600000-0500)\/","Close_Price":320.03,"DataSource":-2147483638,"DeclarationDate":"\/Date(-62135578800000-0500)\/","Dividend":0.77,"ExDate":"\/Date(1581051600000-0500)\/","PayDate":"\/Date(-62135578800000-0500)\/","RecordDate":"\/Date(-62135578800000-0500)\/"}},{"Key":{"Item1":"Dividend","Item2":"\/Date(1573102800000-0500)\/"},"Value":{"__type":"Dividend:#Pacmio","AsOfDate":"\/Date(1573102800000-0500)\/","Close_Price":259.43,"DataSource":-2147483638,"DeclarationDate":"\/Date(-62135578800000-0500)\/","Dividend":0.77,"ExDate":"\/Date(1573102800000-0500)\/","PayDate":"\/Date(-62135578800000-0500)\/","RecordDate":"\/Date(-62135578800000-0500)\/"}},{"Key":{"Item1":"Dividend","Item2":"\/Date(1565323200000-0400)\/"},"Value":{"__type":"Dividend:#Pacmio","AsOfDate":"\/Date(1565323200000-0400)\/","Close_Price":200.99,"DataSource":-2147483638,"DeclarationDate":"\/Date(-62135578800000-0500)\/","Dividend":0.77,"ExDate":"\/Date(1565323200000-0400)\/","PayDate":"\/Date(-62135578800000-0500)\/","RecordDate":"\/Date(-62135578800000-0500)\/"}},{"Key":{"Item1":"Dividend","Item2":"\/Date(1557460800000-0400)\/"},"Value":{"__type":"Dividend:#Pacmio","AsOfDate":"\/Date(1557460800000-0400)\/","Close_Price":197.18,"DataSource":-2147483638,"DeclarationDate":"\/Date(-62135578800000-0500)\/","Dividend":0.77,"ExDate":"\/Date(1557460800000-0400)\/","PayDate":"\/Date(-62135578800000-0500)\/","RecordDate":"\/Date(-62135578800000-0500)\/"}},{"Key":{"Item1":"Dividend","Item2":"\/Date(1549602000000-0500)\/"},"Value":{"__type":"Dividend:#Pacmio","AsOfDate":"\/Date(1549602000000-0500)\/","Close_Price":170.41,"DataSource":-2147483638,"DeclarationDate":"\/Date(-62135578800000-0500)\/","Dividend":0.73,"ExDate":"\/Date(1549602000000-0500)\/","PayDate":"\/Date(-62135578800000-0500)\/","RecordDate":"\/Date(-62135578800000-0500)\/"}},{"Key":{"Item1":"Dividend","Item2":"\/Date(1541653200000-0500)\/"},"Value":{"__type":"Dividend:#Pacmio","AsOfDate":"\/Date(1541653200000-0500)\/","Close_Price":208.49,"DataSource":-2147483638,"DeclarationDate":"\/Date(-62135578800000-0500)\/","Dividend":0.73,"ExDate":"\/Date(1541653200000-0500)\/","PayDate":"\/Date(-62135578800000-0500)\/","RecordDate":"\/Date(-62135578800000-0500)\/"}},{"Key":{"Item1":"Dividend","Item2":"\/Date(1533873600000-0400)\/"},"Value":{"__type":"Dividend:#Pacmio","AsOfDate":"\/Date(1533873600000-0400)\/","Close_Price":207.53,"DataSource":-2147483638,"DeclarationDate":"\/Date(-62135578800000-0500)\/","Dividend":0.73,"ExDate":"\/Date(1533873600000-0400)\/","PayDate":"\/Date(-62135578800000-0500)\/","RecordDate":"\/Date(-62135578800000-0500)\/"}},{"Key":{"Item1":"Dividend","Item2":"\/Date(1526011200000-0400)\/"},"Value":{"__type":"Dividend:#Pacmio","AsOfDate":"\/Date(1526011200000-0400)\/","Close_Price":188.59,"DataSource":-2147483638,"DeclarationDate":"\/Date(-62135578800000-0500)\/","Dividend":0.73,"ExDate":"\/Date(1526011200000-0400)\/","PayDate":"\/Date(-62135578800000-0500)\/","RecordDate":"\/Date(-62135578800000-0500)\/"}},{"Key":{"Item1":"Dividend","Item2":"\/Date(1518152400000-0500)\/"},"Value":{"__type":"Dividend:#Pacmio","AsOfDate":"\/Date(1518152400000-0500)\/","Close_Price":156.41,"DataSource":-2147483638,"DeclarationDate":"\/Date(-62135578800000-0500)\/","Dividend":0.63,"ExDate":"\/Date(1518152400000-0500)\/","PayDate":"\/Date(-62135578800000-0500)\/","RecordDate":"\/Date(-62135578800000-0500)\/"}},{"Key":{"Item1":"Dividend","Item2":"\/Date(1510290000000-0500)\/"},"Value":{"__type":"Dividend:#Pacmio","AsOfDate":"\/Date(1510290000000-0500)\/","Close_Price":174.67,"DataSource":-2147483638,"DeclarationDate":"\/Date(-62135578800000-0500)\/","Dividend":0.63,"ExDate":"\/Date(1510290000000-0500)\/","PayDate":"\/Date(-62135578800000-0500)\/","RecordDate":"\/Date(-62135578800000-0500)\/"}},{"Key":{"Item1":"Dividend","Item2":"\/Date(1502337600000-0400)\/"},"Value":{"__type":"Dividend:#Pacmio","AsOfDate":"\/Date(1502337600000-0400)\/","Close_Price":155.32,"DataSource":-2147483638,"DeclarationDate":"\/Date(-62135578800000-0500)\/","Dividend":0.63,"ExDate":"\/Date(1502337600000-0400)\/","PayDate":"\/Date(-62135578800000-0500)\/","RecordDate":"\/Date(-62135578800000-0500)\/"}},{"Key":{"Item1":"Dividend","Item2":"\/Date(1494475200000-0400)\/"},"Value":{"__type":"Dividend:#Pacmio","AsOfDate":"\/Date(1494475200000-0400)\/","Close_Price":153.95,"DataSource":-2147483638,"DeclarationDate":"\/Date(-62135578800000-0500)\/","Dividend":0.63,"ExDate":"\/Date(1494475200000-0400)\/","PayDate":"\/Date(-62135578800000-0500)\/","RecordDate":"\/Date(-62135578800000-0500)\/"}},{"Key":{"Item1":"Dividend","Item2":"\/Date(1486616400000-0500)\/"},"Value":{"__type":"Dividend:#Pacmio","AsOfDate":"\/Date(1486616400000-0500)\/","Close_Price":132.42,"DataSource":-2147483638,"DeclarationDate":"\/Date(-62135578800000-0500)\/","Dividend":0.57,"ExDate":"\/Date(1486616400000-0500)\/","PayDate":"\/Date(-62135578800000-0500)\/","RecordDate":"\/Date(-62135578800000-0500)\/"}},{"Key":{"Item1":"Dividend","Item2":"\/Date(1478145600000-0400)\/"},"Value":{"__type":"Dividend:#Pacmio","AsOfDate":"\/Date(1478145600000-0400)\/","Close_Price":109.83,"DataSource":-2147483638,"DeclarationDate":"\/Date(-62135578800000-0500)\/","Dividend":0.57,"ExDate":"\/Date(1478145600000-0400)\/","PayDate":"\/Date(-62135578800000-0500)\/","RecordDate":"\/Date(-62135578800000-0500)\/"}},{"Key":{"Item1":"Dividend","Item2":"\/Date(1470283200000-0400)\/"},"Value":{"__type":"Dividend:#Pacmio","AsOfDate":"\/Date(1470283200000-0400)\/","Close_Price":105.87,"DataSource":-2147483638,"DeclarationDate":"\/Date(-62135578800000-0500)\/","Dividend":0.57,"ExDate":"\/Date(1470283200000-0400)\/","PayDate":"\/Date(-62135578800000-0500)\/","RecordDate":"\/Date(-62135578800000-0500)\/"}},{"Key":{"Item1":"Dividend","Item2":"\/Date(1462420800000-0400)\/"},"Value":{"__type":"Dividend:#Pacmio","AsOfDate":"\/Date(1462420800000-0400)\/","Close_Price":93.24,"DataSource":-2147483638,"DeclarationDate":"\/Date(-62135578800000-0500)\/","Dividend":0.57,"ExDate":"\/Date(1462420800000-0400)\/","PayDate":"\/Date(-62135578800000-0500)\/","RecordDate":"\/Date(-62135578800000-0500)\/"}},{"Key":{"Item1":"Dividend","Item2":"\/Date(1454562000000-0500)\/"},"Value":{"__type":"Dividend:#Pacmio","AsOfDate":"\/Date(1454562000000-0500)\/","Close_Price":96.6,"DataSource":-2147483638,"DeclarationDate":"\/Date(-62135578800000-0500)\/","Dividend":0.52,"ExDate":"\/Date(1454562000000-0500)\/","PayDate":"\/Date(-62135578800000-0500)\/","RecordDate":"\/Date(-62135578800000-0500)\/"}},{"Key":{"Item1":"Dividend","Item2":"\/Date(1446699600000-0500)\/"},"Value":{"__type":"Dividend:#Pacmio","AsOfDate":"\/Date(1446699600000-0500)\/","Close_Price":120.92,"DataSource":-2147483638,"DeclarationDate":"\/Date(-62135578800000-0500)\/","Dividend":0.52,"ExDate":"\/Date(1446699600000-0500)\/","PayDate":"\/Date(-62135578800000-0500)\/","RecordDate":"\/Date(-62135578800000-0500)\/"}},{"Key":{"Item1":"Dividend","Item2":"\/Date(1438833600000-0400)\/"},"Value":{"__type":"Dividend:#Pacmio","AsOfDate":"\/Date(1438833600000-0400)\/","Close_Price":115.13,"DataSource":-2147483638,"DeclarationDate":"\/Date(-62135578800000-0500)\/","Dividend":0.52,"ExDate":"\/Date(1438833600000-0400)\/","PayDate":"\/Date(-62135578800000-0500)\/","RecordDate":"\/Date(-62135578800000-0500)\/"}},{"Key":{"Item1":"Dividend","Item2":"\/Date(1430971200000-0400)\/"},"Value":{"__type":"Dividend:#Pacmio","AsOfDate":"\/Date(1430971200000-0400)\/","Close_Price":125.26,"DataSource":-2147483638,"DeclarationDate":"\/Date(-62135578800000-0500)\/","Dividend":0.52,"ExDate":"\/Date(1430971200000-0400)\/","PayDate":"\/Date(-62135578800000-0500)\/","RecordDate":"\/Date(-62135578800000-0500)\/"}},{"Key":{"Item1":"Dividend","Item2":"\/Date(1423112400000-0500)\/"},"Value":{"__type":"Dividend:#Pacmio","AsOfDate":"\/Date(1423112400000-0500)\/","Close_Price":119.94,"DataSource":-2147483638,"DeclarationDate":"\/Date(-62135578800000-0500)\/","Dividend":0.47,"ExDate":"\/Date(1423112400000-0500)\/","PayDate":"\/Date(-62135578800000-0500)\/","RecordDate":"\/Date(-62135578800000-0500)\/"}},{"Key":{"Item1":"Dividend","Item2":"\/Date(1415250000000-0500)\/"},"Value":{"__type":"Dividend:#Pacmio","AsOfDate":"\/Date(1415250000000-0500)\/","Close_Price":108.7,"DataSource":-2147483638,"DeclarationDate":"\/Date(-62135578800000-0500)\/","Dividend":0.47,"ExDate":"\/Date(1415250000000-0500)\/","PayDate":"\/Date(-62135578800000-0500)\/","RecordDate":"\/Date(-62135578800000-0500)\/"}},{"Key":{"Item1":"Dividend","Item2":"\/Date(1407384000000-0400)\/"},"Value":{"__type":"Dividend:#Pacmio","AsOfDate":"\/Date(1407384000000-0400)\/","Close_Price":94.48,"DataSource":-2147483638,"DeclarationDate":"\/Date(-62135578800000-0500)\/","Dividend":0.47,"ExDate":"\/Date(1407384000000-0400)\/","PayDate":"\/Date(-62135578800000-0500)\/","RecordDate":"\/Date(-62135578800000-0500)\/"}},{"Key":{"Item1":"Split","Item2":"\/Date(1402286400000-0400)\/"},"Value":{"__type":"Split:#Pacmio","AsOfDate":"\/Date(1402286400000-0400)\/","Close_Price":93.7,"DataSource":-2147483638,"Split":7}},{"Key":{"Item1":"Dividend","Item2":"\/Date(1399521600000-0400)\/"},"Value":{"__type":"Dividend:#Pacmio","AsOfDate":"\/Date(1399521600000-0400)\/","Close_Price":587.99,"DataSource":-2147483638,"DeclarationDate":"\/Date(-62135578800000-0500)\/","Dividend":3.29,"ExDate":"\/Date(1399521600000-0400)\/","PayDate":"\/Date(-62135578800000-0500)\/","RecordDate":"\/Date(-62135578800000-0500)\/"}},{"Key":{"Item1":"Dividend","Item2":"\/Date(1391662800000-0500)\/"},"Value":{"__type":"Dividend:#Pacmio","AsOfDate":"\/Date(1391662800000-0500)\/","Close_Price":512.51,"DataSource":-2147483638,"DeclarationDate":"\/Date(-62135578800000-0500)\/","Dividend":3.05,"ExDate":"\/Date(1391662800000-0500)\/","PayDate":"\/Date(-62135578800000-0500)\/","RecordDate":"\/Date(-62135578800000-0500)\/"}},{"Key":{"Item1":"Dividend","Item2":"\/Date(1383714000000-0500)\/"},"Value":{"__type":"Dividend:#Pacmio","AsOfDate":"\/Date(1383714000000-0500)\/","Close_Price":520.92,"DataSource":-2147483638,"DeclarationDate":"\/Date(-62135578800000-0500)\/","Dividend":3.05,"ExDate":"\/Date(1383714000000-0500)\/","PayDate":"\/Date(-62135578800000-0500)\/","RecordDate":"\/Date(-62135578800000-0500)\/"}},{"Key":{"Item1":"Dividend","Item2":"\/Date(1375934400000-0400)\/"},"Value":{"__type":"Dividend:#Pacmio","AsOfDate":"\/Date(1375934400000-0400)\/","Close_Price":461.01,"DataSource":-2147483638,"DeclarationDate":"\/Date(-62135578800000-0500)\/","Dividend":3.05,"ExDate":"\/Date(1375934400000-0400)\/","PayDate":"\/Date(-62135578800000-0500)\/","RecordDate":"\/Date(-62135578800000-0500)\/"}},{"Key":{"Item1":"Dividend","Item2":"\/Date(1368072000000-0400)\/"},"Value":{"__type":"Dividend:#Pacmio","AsOfDate":"\/Date(1368072000000-0400)\/","Close_Price":456.77,"DataSource":-2147483638,"DeclarationDate":"\/Date(-62135578800000-0500)\/","Dividend":3.05,"ExDate":"\/Date(1368072000000-0400)\/","PayDate":"\/Date(-62135578800000-0500)\/","RecordDate":"\/Date(-62135578800000-0500)\/"}},{"Key":{"Item1":"Dividend","Item2":"\/Date(1360213200000-0500)\/"},"Value":{"__type":"Dividend:#Pacmio","AsOfDate":"\/Date(1360213200000-0500)\/","Close_Price":468.22,"DataSource":-2147483638,"DeclarationDate":"\/Date(-62135578800000-0500)\/","Dividend":2.65,"ExDate":"\/Date(1360213200000-0500)\/","PayDate":"\/Date(-62135578800000-0500)\/","RecordDate":"\/Date(-62135578800000-0500)\/"}},{"Key":{"Item1":"Dividend","Item2":"\/Date(1352264400000-0500)\/"},"Value":{"__type":"Dividend:#Pacmio","AsOfDate":"\/Date(1352264400000-0500)\/","Close_Price":558.0019,"DataSource":-2147483638,"DeclarationDate":"\/Date(-62135578800000-0500)\/","Dividend":2.65,"ExDate":"\/Date(1352264400000-0500)\/","PayDate":"\/Date(-62135578800000-0500)\/","RecordDate":"\/Date(-62135578800000-0500)\/"}},{"Key":{"Item1":"Dividend","Item2":"\/Date(1344484800000-0400)\/"},"Value":{"__type":"Dividend:#Pacmio","AsOfDate":"\/Date(1344484800000-0400)\/","Close_Price":620.73,"DataSource":-2147483638,"DeclarationDate":"\/Date(-62135578800000-0500)\/","Dividend":2.65,"ExDate":"\/Date(1344484800000-0400)\/","PayDate":"\/Date(-62135578800000-0500)\/","RecordDate":"\/Date(-62135578800000-0500)\/"}},{"Key":{"Item1":"Split","Item2":"\/Date(1109566800000-0500)\/"},"Value":{"__type":"Split:#Pacmio","AsOfDate":"\/Date(1109566800000-0500)\/","Close_Price":44.86,"DataSource":-2147483638,"Split":2}},{"Key":{"Item1":"Split","Item2":"\/Date(961560000000-0400)\/"},"Value":{"__type":"Split:#Pacmio","AsOfDate":"\/Date(961560000000-0400)\/","Close_Price":55.63,"DataSource":-2147483638,"Split":2}},{"Key":{"Item1":"Dividend","Item2":"\/Date(816930000000-0500)\/"},"Value":{"__type":"Dividend:#Pacmio","AsOfDate":"\/Date(816930000000-0500)\/","Close_Price":38.63,"DataSource":-2147483638,"DeclarationDate":"\/Date(-62135578800000-0500)\/","Dividend":0.12,"ExDate":"\/Date(816930000000-0500)\/","PayDate":"\/Date(-62135578800000-0500)\/","RecordDate":"\/Date(-62135578800000-0500)\/"}},{"Key":{"Item1":"Dividend","Item2":"\/Date(808545600000-0400)\/"},"Value":{"__type":"Dividend:#Pacmio","AsOfDate":"\/Date(808545600000-0400)\/","Close_Price":44.5,"DataSource":-2147483638,"DeclarationDate":"\/Date(-62135578800000-0500)\/","Dividend":0.12,"ExDate":"\/Date(808545600000-0400)\/","PayDate":"\/Date(-62135578800000-0500)\/","RecordDate":"\/Date(-62135578800000-0500)\/"}},{"Key":{"Item1":"Dividend","Item2":"\/Date(801460800000-0400)\/"},"Value":{"__type":"Dividend:#Pacmio","AsOfDate":"\/Date(801460800000-0400)\/","Close_Price":42.69,"DataSource":-2147483638,"DeclarationDate":"\/Date(-62135578800000-0500)\/","Dividend":0.12,"ExDate":"\/Date(801460800000-0400)\/","PayDate":"\/Date(-62135578800000-0500)\/","RecordDate":"\/Date(-62135578800000-0500)\/"}},{"Key":{"Item1":"Dividend","Item2":"\/Date(792651600000-0500)\/"},"Value":{"__type":"Dividend:#Pacmio","AsOfDate":"\/Date(792651600000-0500)\/","Close_Price":43.75,"DataSource":-2147483638,"DeclarationDate":"\/Date(-62135578800000-0500)\/","Dividend":0.12,"ExDate":"\/Date(792651600000-0500)\/","PayDate":"\/Date(-62135578800000-0500)\/","RecordDate":"\/Date(-62135578800000-0500)\/"}},{"Key":{"Item1":"Dividend","Item2":"\/Date(785134800000-0500)\/"},"Value":{"__type":"Dividend:#Pacmio","AsOfDate":"\/Date(785134800000-0500)\/","Close_Price":40,"DataSource":-2147483638,"DeclarationDate":"\/Date(-62135578800000-0500)\/","Dividend":0.12,"ExDate":"\/Date(785134800000-0500)\/","PayDate":"\/Date(-62135578800000-0500)\/","RecordDate":"\/Date(-62135578800000-0500)\/"}},{"Key":{"Item1":"Dividend","Item2":"\/Date(776923200000-0400)\/"},"Value":{"__type":"Dividend:#Pacmio","AsOfDate":"\/Date(776923200000-0400)\/","Close_Price":34.63,"DataSource":-2147483638,"DeclarationDate":"\/Date(-62135578800000-0500)\/","Dividend":0.12,"ExDate":"\/Date(776923200000-0400)\/","PayDate":"\/Date(-62135578800000-0500)\/","RecordDate":"\/Date(-62135578800000-0500)\/"}},{"Key":{"Item1":"Dividend","Item2":"\/Date(770011200000-0400)\/"},"Value":{"__type":"Dividend:#Pacmio","AsOfDate":"\/Date(770011200000-0400)\/","Close_Price":29.94,"DataSource":-2147483638,"DeclarationDate":"\/Date(-62135578800000-0500)\/","Dividend":0.12,"ExDate":"\/Date(770011200000-0400)\/","PayDate":"\/Date(-62135578800000-0500)\/","RecordDate":"\/Date(-62135578800000-0500)\/"}},{"Key":{"Item1":"Dividend","Item2":"\/Date(760597200000-0500)\/"},"Value":{"__type":"Dividend:#Pacmio","AsOfDate":"\/Date(760597200000-0500)\/","Close_Price":36.5,"DataSource":-2147483638,"DeclarationDate":"\/Date(-62135578800000-0500)\/","Dividend":0.12,"ExDate":"\/Date(760597200000-0500)\/","PayDate":"\/Date(-62135578800000-0500)\/","RecordDate":"\/Date(-62135578800000-0500)\/"}},{"Key":{"Item1":"Dividend","Item2":"\/Date(753685200000-0500)\/"},"Value":{"__type":"Dividend:#Pacmio","AsOfDate":"\/Date(753685200000-0500)\/","Close_Price":33,"DataSource":-2147483638,"DeclarationDate":"\/Date(-62135578800000-0500)\/","Dividend":0.12,"ExDate":"\/Date(753685200000-0500)\/","PayDate":"\/Date(-62135578800000-0500)\/","RecordDate":"\/Date(-62135578800000-0500)\/"}},{"Key":{"Item1":"Dividend","Item2":"\/Date(745473600000-0400)\/"},"Value":{"__type":"Dividend:#Pacmio","AsOfDate":"\/Date(745473600000-0400)\/","Close_Price":27.5,"DataSource":-2147483638,"DeclarationDate":"\/Date(-62135578800000-0500)\/","Dividend":0.12,"ExDate":"\/Date(745473600000-0400)\/","PayDate":"\/Date(-62135578800000-0500)\/","RecordDate":"\/Date(-62135578800000-0500)\/"}},{"Key":{"Item1":"Dividend","Item2":"\/Date(738561600000-0400)\/"},"Value":{"__type":"Dividend:#Pacmio","AsOfDate":"\/Date(738561600000-0400)\/","Close_Price":56.63,"DataSource":-2147483638,"DeclarationDate":"\/Date(-62135578800000-0500)\/","Dividend":0.12,"ExDate":"\/Date(738561600000-0400)\/","PayDate":"\/Date(-62135578800000-0500)\/","RecordDate":"\/Date(-62135578800000-0500)\/"}},{"Key":{"Item1":"Dividend","Item2":"\/Date(729493200000-0500)\/"},"Value":{"__type":"Dividend:#Pacmio","AsOfDate":"\/Date(729493200000-0500)\/","Close_Price":53.88,"DataSource":-2147483638,"DeclarationDate":"\/Date(-62135578800000-0500)\/","Dividend":0.12,"ExDate":"\/Date(729493200000-0500)\/","PayDate":"\/Date(-62135578800000-0500)\/","RecordDate":"\/Date(-62135578800000-0500)\/"}},{"Key":{"Item1":"Dividend","Item2":"\/Date(723099600000-0500)\/"},"Value":{"__type":"Dividend:#Pacmio","AsOfDate":"\/Date(723099600000-0500)\/","Close_Price":57.5,"DataSource":-2147483638,"DeclarationDate":"\/Date(-62135578800000-0500)\/","Dividend":0.12,"ExDate":"\/Date(723099600000-0500)\/","PayDate":"\/Date(-62135578800000-0500)\/","RecordDate":"\/Date(-62135578800000-0500)\/"}},{"Key":{"Item1":"Dividend","Item2":"\/Date(714024000000-0400)\/"},"Value":{"__type":"Dividend:#Pacmio","AsOfDate":"\/Date(714024000000-0400)\/","Close_Price":44.75,"DataSource":-2147483638,"DeclarationDate":"\/Date(-62135578800000-0500)\/","Dividend":0.12,"ExDate":"\/Date(714024000000-0400)\/","PayDate":"\/Date(-62135578800000-0500)\/","RecordDate":"\/Date(-62135578800000-0500)\/"}},{"Key":{"Item1":"Dividend","Item2":"\/Date(707371200000-0400)\/"},"Value":{"__type":"Dividend:#Pacmio","AsOfDate":"\/Date(707371200000-0400)\/","Close_Price":57.5,"DataSource":-2147483638,"DeclarationDate":"\/Date(-62135578800000-0500)\/","Dividend":0.12,"ExDate":"\/Date(707371200000-0400)\/","PayDate":"\/Date(-62135578800000-0500)\/","RecordDate":"\/Date(-62135578800000-0500)\/"}},{"Key":{"Item1":"Dividend","Item2":"\/Date(698043600000-0500)\/"},"Value":{"__type":"Dividend:#Pacmio","AsOfDate":"\/Date(698043600000-0500)\/","Close_Price":64.12,"DataSource":-2147483638,"DeclarationDate":"\/Date(-62135578800000-0500)\/","Dividend":0.12,"ExDate":"\/Date(698043600000-0500)\/","PayDate":"\/Date(-62135578800000-0500)\/","RecordDate":"\/Date(-62135578800000-0500)\/"}},{"Key":{"Item1":"Dividend","Item2":"\/Date(690440400000-0500)\/"},"Value":{"__type":"Dividend:#Pacmio","AsOfDate":"\/Date(690440400000-0500)\/","Close_Price":52.13,"DataSource":-2147483638,"DeclarationDate":"\/Date(-62135578800000-0500)\/","Dividend":0.12,"ExDate":"\/Date(690440400000-0500)\/","PayDate":"\/Date(-62135578800000-0500)\/","RecordDate":"\/Date(-62135578800000-0500)\/"}},{"Key":{"Item1":"Dividend","Item2":"\/Date(682574400000-0400)\/"},"Value":{"__type":"Dividend:#Pacmio","AsOfDate":"\/Date(682574400000-0400)\/","Close_Price":50.5,"DataSource":-2147483638,"DeclarationDate":"\/Date(-62135578800000-0500)\/","Dividend":0.12,"ExDate":"\/Date(682574400000-0400)\/","PayDate":"\/Date(-62135578800000-0500)\/","RecordDate":"\/Date(-62135578800000-0500)\/"}},{"Key":{"Item1":"Dividend","Item2":"\/Date(674712000000-0400)\/"},"Value":{"__type":"Dividend:#Pacmio","AsOfDate":"\/Date(674712000000-0400)\/","Close_Price":44.25,"DataSource":-2147483638,"DeclarationDate":"\/Date(-62135578800000-0500)\/","Dividend":0.12,"ExDate":"\/Date(674712000000-0400)\/","PayDate":"\/Date(-62135578800000-0500)\/","RecordDate":"\/Date(-62135578800000-0500)\/"}},{"Key":{"Item1":"Dividend","Item2":"\/Date(666594000000-0500)\/"},"Value":{"__type":"Dividend:#Pacmio","AsOfDate":"\/Date(666594000000-0500)\/","Close_Price":57.63,"DataSource":-2147483638,"DeclarationDate":"\/Date(-62135578800000-0500)\/","Dividend":0.12,"ExDate":"\/Date(666594000000-0500)\/","PayDate":"\/Date(-62135578800000-0500)\/","RecordDate":"\/Date(-62135578800000-0500)\/"}},{"Key":{"Item1":"Dividend","Item2":"\/Date(658731600000-0500)\/"},"Value":{"__type":"Dividend:#Pacmio","AsOfDate":"\/Date(658731600000-0500)\/","Close_Price":35.13,"DataSource":-2147483638,"DeclarationDate":"\/Date(-62135578800000-0500)\/","Dividend":0.12,"ExDate":"\/Date(658731600000-0500)\/","PayDate":"\/Date(-62135578800000-0500)\/","RecordDate":"\/Date(-62135578800000-0500)\/"}},{"Key":{"Item1":"Dividend","Item2":"\/Date(651124800000-0400)\/"},"Value":{"__type":"Dividend:#Pacmio","AsOfDate":"\/Date(651124800000-0400)\/","Close_Price":36.75,"DataSource":-2147483638,"DeclarationDate":"\/Date(-62135578800000-0500)\/","Dividend":0.11,"ExDate":"\/Date(651124800000-0400)\/","PayDate":"\/Date(-62135578800000-0500)\/","RecordDate":"\/Date(-62135578800000-0500)\/"}},{"Key":{"Item1":"Dividend","Item2":"\/Date(643262400000-0400)\/"},"Value":{"__type":"Dividend:#Pacmio","AsOfDate":"\/Date(643262400000-0400)\/","Close_Price":39.5,"DataSource":-2147483638,"DeclarationDate":"\/Date(-62135578800000-0500)\/","Dividend":0.11,"ExDate":"\/Date(643262400000-0400)\/","PayDate":"\/Date(-62135578800000-0500)\/","RecordDate":"\/Date(-62135578800000-0500)\/"}},{"Key":{"Item1":"Dividend","Item2":"\/Date(635144400000-0500)\/"},"Value":{"__type":"Dividend:#Pacmio","AsOfDate":"\/Date(635144400000-0500)\/","Close_Price":33.75,"DataSource":-2147483638,"DeclarationDate":"\/Date(-62135578800000-0500)\/","Dividend":0.11,"ExDate":"\/Date(635144400000-0500)\/","PayDate":"\/Date(-62135578800000-0500)\/","RecordDate":"\/Date(-62135578800000-0500)\/"}},{"Key":{"Item1":"Dividend","Item2":"\/Date(627282000000-0500)\/"},"Value":{"__type":"Dividend:#Pacmio","AsOfDate":"\/Date(627282000000-0500)\/","Close_Price":44.75,"DataSource":-2147483638,"DeclarationDate":"\/Date(-62135578800000-0500)\/","Dividend":0.11,"ExDate":"\/Date(627282000000-0500)\/","PayDate":"\/Date(-62135578800000-0500)\/","RecordDate":"\/Date(-62135578800000-0500)\/"}},{"Key":{"Item1":"Dividend","Item2":"\/Date(619675200000-0400)\/"},"Value":{"__type":"Dividend:#Pacmio","AsOfDate":"\/Date(619675200000-0400)\/","Close_Price":42.25,"DataSource":-2147483638,"DeclarationDate":"\/Date(-62135578800000-0500)\/","Dividend":0.1,"ExDate":"\/Date(619675200000-0400)\/","PayDate":"\/Date(-62135578800000-0500)\/","RecordDate":"\/Date(-62135578800000-0500)\/"}},{"Key":{"Item1":"Dividend","Item2":"\/Date(611812800000-0400)\/"},"Value":{"__type":"Dividend:#Pacmio","AsOfDate":"\/Date(611812800000-0400)\/","Close_Price":46,"DataSource":-2147483638,"DeclarationDate":"\/Date(-62135578800000-0500)\/","Dividend":0.1,"ExDate":"\/Date(611812800000-0400)\/","PayDate":"\/Date(-62135578800000-0500)\/","RecordDate":"\/Date(-62135578800000-0500)\/"}},{"Key":{"Item1":"Dividend","Item2":"\/Date(603694800000-0500)\/"},"Value":{"__type":"Dividend:#Pacmio","AsOfDate":"\/Date(603694800000-0500)\/","Close_Price":36.75,"DataSource":-2147483638,"DeclarationDate":"\/Date(-62135578800000-0500)\/","Dividend":0.1,"ExDate":"\/Date(603694800000-0500)\/","PayDate":"\/Date(-62135578800000-0500)\/","RecordDate":"\/Date(-62135578800000-0500)\/"}},{"Key":{"Item1":"Dividend","Item2":"\/Date(596091600000-0500)\/"},"Value":{"__type":"Dividend:#Pacmio","AsOfDate":"\/Date(596091600000-0500)\/","Close_Price":36.63,"DataSource":-2147483638,"DeclarationDate":"\/Date(-62135578800000-0500)\/","Dividend":0.1,"ExDate":"\/Date(596091600000-0500)\/","PayDate":"\/Date(-62135578800000-0500)\/","RecordDate":"\/Date(-62135578800000-0500)\/"}},{"Key":{"Item1":"Dividend","Item2":"\/Date(587620800000-0400)\/"},"Value":{"__type":"Dividend:#Pacmio","AsOfDate":"\/Date(587620800000-0400)\/","Close_Price":41.25,"DataSource":-2147483638,"DeclarationDate":"\/Date(-62135578800000-0500)\/","Dividend":0.08,"ExDate":"\/Date(587620800000-0400)\/","PayDate":"\/Date(-62135578800000-0500)\/","RecordDate":"\/Date(-62135578800000-0500)\/"}},{"Key":{"Item1":"Dividend","Item2":"\/Date(579758400000-0400)\/"},"Value":{"__type":"Dividend:#Pacmio","AsOfDate":"\/Date(579758400000-0400)\/","Close_Price":41.25,"DataSource":-2147483638,"DeclarationDate":"\/Date(-62135578800000-0500)\/","Dividend":0.08,"ExDate":"\/Date(579758400000-0400)\/","PayDate":"\/Date(-62135578800000-0500)\/","RecordDate":"\/Date(-62135578800000-0500)\/"}},{"Key":{"Item1":"Dividend","Item2":"\/Date(571640400000-0500)\/"},"Value":{"__type":"Dividend:#Pacmio","AsOfDate":"\/Date(571640400000-0500)\/","Close_Price":41,"DataSource":-2147483638,"DeclarationDate":"\/Date(-62135578800000-0500)\/","Dividend":0.08,"ExDate":"\/Date(571640400000-0500)\/","PayDate":"\/Date(-62135578800000-0500)\/","RecordDate":"\/Date(-62135578800000-0500)\/"}},{"Key":{"Item1":"Dividend","Item2":"\/Date(564123600000-0500)\/"},"Value":{"__type":"Dividend:#Pacmio","AsOfDate":"\/Date(564123600000-0500)\/","Close_Price":35,"DataSource":-2147483638,"DeclarationDate":"\/Date(-62135578800000-0500)\/","Dividend":0.08,"ExDate":"\/Date(564123600000-0500)\/","PayDate":"\/Date(-62135578800000-0500)\/","RecordDate":"\/Date(-62135578800000-0500)\/"}},{"Key":{"Item1":"Split","Item2":"\/Date(550814400000-0400)\/"},"Value":{"__type":"Split:#Pacmio","AsOfDate":"\/Date(550814400000-0400)\/","Close_Price":41.5,"DataSource":-2147483638,"Split":2}}]}