{"ContractKey":{"Item1":"AMD","Item2":1020,"Item3":"STOCK"},"DataLUT":[{"Key":{"Item1":"Split","Item2":"\/Date(966916800000-0400)\/"},"Value":{"__type":"Split:#Pacmio","AsOfDate":"\/Date(966916800000-0400)\/","Close_Price":34.44,"DataSource":-2147483638,"Split":2}},{"Key":{"Item1":"Dividend","Item2":"\/Date(798955200000-0400)\/"},"Value":{"__type":"Dividend:#Pacmio","AsOfDate":"\/Date(798955200000-0400)\/","Close_Price":36.5,"DataSource":-2147483638,"DeclarationDate":"\/Date(-62135578800000-0500)\/","Dividend":0.01,"ExDate":"\/Date(798955200000-0400)\/","PayDate":"\/Date(-62135578800000-0500)\/","RecordDate":"\/Date(-62135578800000-0500)\/"}},{"Key":{"Item1":"Split","Item2":"\/Date(430459200000-0400)\/"},"Value":{"__type":"Split:#Pacmio","AsOfDate":"\/Date(430459200000-0400)\/","Close_Price":27.5,"DataSource":-2147483638,"Split":2}}]}