{"ContractKey":{"Item1":"GEVO","Item2":1020,"Item3":"STOCK"},"DataLUT":[{"Key":{"Item1":"Split","Item2":"\/Date(1528084800000-0400)\/"},"Value":{"__type":"Split:#Pacmio","AsOfDate":"\/Date(1528084800000-0400)\/","Close_Price":4.0834,"DataSource":-2147483638,"Split":0.05}},{"Key":{"Item1":"Split","Item2":"\/Date(1483678800000-0500)\/"},"Value":{"__type":"Split:#Pacmio","AsOfDate":"\/Date(1483678800000-0500)\/","Close_Price":4.05,"DataSource":-2147483638,"Split":0.05}},{"Key":{"Item1":"Split","Item2":"\/Date(1429588800000-0400)\/"},"Value":{"__type":"Split:#Pacmio","AsOfDate":"\/Date(1429588800000-0400)\/","Close_Price":2.01,"DataSource":-2147483638,"Split":0.0666667}}]}