{"ContractKey":{"Item1":"MARA","Item2":1020,"Item3":"STOCK"},"DataLUT":[{"Key":{"Item1":"Split","Item2":"\/Date(1554696000000-0400)\/"},"Value":{"__type":"Split:#Pacmio","AsOfDate":"\/Date(1554696000000-0400)\/","Close_Price":2.77,"DataSource":-2147483638,"Split":0.25}},{"Key":{"Item1":"Split","Item2":"\/Date(1509336000000-0400)\/"},"Value":{"__type":"Split:#Pacmio","AsOfDate":"\/Date(1509336000000-0400)\/","Close_Price":1.6,"DataSource":-2147483638,"Split":0.25}},{"Key":{"Item1":"Split","Item2":"\/Date(1419310800000-0500)\/"},"Value":{"__type":"Split:#Pacmio","AsOfDate":"\/Date(1419310800000-0500)\/","Close_Price":9.67,"DataSource":-2147483638,"Split":2}},{"Key":{"Item1":"Split","Item2":"\/Date(1374465600000-0400)\/"},"Value":{"__type":"Split:#Pacmio","AsOfDate":"\/Date(1374465600000-0400)\/","Close_Price":6.4,"DataSource":-2147483638,"Split":0.076923076923076927}}]}