{"ContractKey":{"Item1":"RIOT","Item2":1020,"Item3":"STOCK"},"DataLUT":[{"Key":{"Item1":"Dividend","Item2":"\/Date(1507780800000-0400)\/"},"Value":{"__type":"Dividend:#Pacmio","AsOfDate":"\/Date(1507780800000-0400)\/","Close_Price":8.2,"DataSource":-2147483638,"DeclarationDate":"\/Date(-62135578800000-0500)\/","Dividend":1,"ExDate":"\/Date(1507780800000-0400)\/","PayDate":"\/Date(-62135578800000-0500)\/","RecordDate":"\/Date(-62135578800000-0500)\/"}},{"Key":{"Item1":"Split","Item2":"\/Date(1459396800000-0400)\/"},"Value":{"__type":"Split:#Pacmio","AsOfDate":"\/Date(1459396800000-0400)\/","Close_Price":2.7,"DataSource":-2147483638,"Split":0.125}},{"Key":{"Item1":"Split","Item2":"\/Date(1340164800000-0400)\/"},"Value":{"__type":"Split:#Pacmio","AsOfDate":"\/Date(1340164800000-0400)\/","Close_Price":1.98,"DataSource":-2147483638,"Split":0.16666666666666666}},{"Key":{"Item1":"Split","Item2":"\/Date(1311912000000-0400)\/"},"Value":{"__type":"Split:#Pacmio","AsOfDate":"\/Date(1311912000000-0400)\/","Close_Price":3.41,"DataSource":-2147483638,"Split":0.2}}]}