{"ContractKey":{"Item1":"TQQQ","Item2":1020,"Item3":"STOCK"},"DataLUT":[{"Key":{"Item1":"Split","Item2":"\/Date(1611205200000-0500)\/"},"Value":{"__type":"Split:#Pacmio","AsOfDate":"\/Date(1611205200000-0500)\/","Close_Price":101.44,"DataSource":-2147483638,"Split":2}},{"Key":{"Item1":"Dividend","Item2":"\/Date(1608699600000-0500)\/"},"Value":{"__type":"Dividend:#Pacmio","AsOfDate":"\/Date(1608699600000-0500)\/","Close_Price":172.41,"DataSource":-2147483638,"DeclarationDate":"\/Date(-62135578800000-0500)\/","Dividend":0.000283,"ExDate":"\/Date(1608699600000-0500)\/","PayDate":"\/Date(-62135578800000-0500)\/","RecordDate":"\/Date(-62135578800000-0500)\/"}},{"Key":{"Item1":"Dividend","Item2":"\/Date(1577163600000-0500)\/"},"Value":{"__type":"Dividend:#Pacmio","AsOfDate":"\/Date(1577163600000-0500)\/","Close_Price":85.84,"DataSource":-2147483638,"DeclarationDate":"\/Date(-62135578800000-0500)\/","Dividend":0.031273,"ExDate":"\/Date(1577163600000-0500)\/","PayDate":"\/Date(-62135578800000-0500)\/","RecordDate":"\/Date(-62135578800000-0500)\/"}},{"Key":{"Item1":"Dividend","Item2":"\/Date(1553054400000-0400)\/"},"Value":{"__type":"Dividend:#Pacmio","AsOfDate":"\/Date(1553054400000-0400)\/","Close_Price":57.01,"DataSource":-2147483638,"DeclarationDate":"\/Date(-62135578800000-0500)\/","Dividend":0.020268,"ExDate":"\/Date(1553054400000-0400)\/","PayDate":"\/Date(-62135578800000-0500)\/","RecordDate":"\/Date(-62135578800000-0500)\/"}},{"Key":{"Item1":"Dividend","Item2":"\/Date(1545800400000-0500)\/"},"Value":{"__type":"Dividend:#Pacmio","AsOfDate":"\/Date(1545800400000-0500)\/","Close_Price":35.86,"DataSource":-2147483638,"DeclarationDate":"\/Date(-62135578800000-0500)\/","Dividend":0.040781,"ExDate":"\/Date(1545800400000-0500)\/","PayDate":"\/Date(-62135578800000-0500)\/","RecordDate":"\/Date(-62135578800000-0500)\/"}},{"Key":{"Item1":"Split","Item2":"\/Date(1527134400000-0400)\/"},"Value":{"__type":"Split:#Pacmio","AsOfDate":"\/Date(1527134400000-0400)\/","Close_Price":55.41,"DataSource":-2147483638,"Split":3}},{"Key":{"Item1":"Split","Item2":"\/Date(1484197200000-0500)\/"},"Value":{"__type":"Split:#Pacmio","AsOfDate":"\/Date(1484197200000-0500)\/","Close_Price":70.43,"DataSource":-2147483638,"Split":2}},{"Key":{"Item1":"Dividend","Item2":"\/Date(1427256000000-0400)\/"},"Value":{"__type":"Dividend:#Pacmio","AsOfDate":"\/Date(1427256000000-0400)\/","Close_Price":102.449997,"DataSource":-2147483638,"DeclarationDate":"\/Date(-62135578800000-0500)\/","Dividend":0.01098,"ExDate":"\/Date(1427256000000-0400)\/","PayDate":"\/Date(-62135578800000-0500)\/","RecordDate":"\/Date(-62135578800000-0500)\/"}},{"Key":{"Item1":"Dividend","Item2":"\/Date(1419224400000-0500)\/"},"Value":{"__type":"Dividend:#Pacmio","AsOfDate":"\/Date(1419224400000-0500)\/","Close_Price":101.419998,"DataSource":-2147483638,"DeclarationDate":"\/Date(-62135578800000-0500)\/","Dividend":0.016715,"ExDate":"\/Date(1419224400000-0500)\/","PayDate":"\/Date(-62135578800000-0500)\/","RecordDate":"\/Date(-62135578800000-0500)\/"}},{"Key":{"Item1":"Dividend","Item2":"\/Date(1403668800000-0400)\/"},"Value":{"__type":"Dividend:#Pacmio","AsOfDate":"\/Date(1403668800000-0400)\/","Close_Price":73.300003,"DataSource":-2147483638,"DeclarationDate":"\/Date(-62135578800000-0500)\/","Dividend":0.011819,"ExDate":"\/Date(1403668800000-0400)\/","PayDate":"\/Date(-62135578800000-0500)\/","RecordDate":"\/Date(-62135578800000-0500)\/"}},{"Key":{"Item1":"Split","Item2":"\/Date(1390539600000-0500)\/"},"Value":{"__type":"Split:#Pacmio","AsOfDate":"\/Date(1390539600000-0500)\/","Close_Price":59.139999,"DataSource":-2147483638,"Split":2}},{"Key":{"Item1":"Split","Item2":"\/Date(1336708800000-0400)\/"},"Value":{"__type":"Split:#Pacmio","AsOfDate":"\/Date(1336708800000-0400)\/","Close_Price":50.669998,"DataSource":-2147483638,"Split":2}},{"Key":{"Item1":"Split","Item2":"\/Date(1298610000000-0500)\/"},"Value":{"__type":"Split:#Pacmio","AsOfDate":"\/Date(1298610000000-0500)\/","Close_Price":86.529999,"DataSource":-2147483638,"Split":2}}]}