{"ContractKey":{"Item1":"AMP","Item2":1000,"Item3":"STOCK"},"DataLUT":[{"Key":{"Item1":"Dividend","Item2":"\/Date(1613019600000-0500)\/"},"Value":{"__type":"Dividend:#Pacmio","AsOfDate":"\/Date(1613019600000-0500)\/","Close_Price":214.7,"DataSource":-2147483638,"DeclarationDate":"\/Date(-62135578800000-0500)\/","Dividend":1.04,"ExDate":"\/Date(1613019600000-0500)\/","PayDate":"\/Date(-62135578800000-0500)\/","RecordDate":"\/Date(-62135578800000-0500)\/"}},{"Key":{"Item1":"Dividend","Item2":"\/Date(1604638800000-0500)\/"},"Value":{"__type":"Dividend:#Pacmio","AsOfDate":"\/Date(1604638800000-0500)\/","Close_Price":169.78,"DataSource":-2147483638,"DeclarationDate":"\/Date(-62135578800000-0500)\/","Dividend":1.04,"ExDate":"\/Date(1604638800000-0500)\/","PayDate":"\/Date(-62135578800000-0500)\/","RecordDate":"\/Date(-62135578800000-0500)\/"}},{"Key":{"Item1":"Dividend","Item2":"\/Date(1596772800000-0400)\/"},"Value":{"__type":"Dividend:#Pacmio","AsOfDate":"\/Date(1596772800000-0400)\/","Close_Price":159.84,"DataSource":-2147483638,"DeclarationDate":"\/Date(-62135578800000-0500)\/","Dividend":1.04,"ExDate":"\/Date(1596772800000-0400)\/","PayDate":"\/Date(-62135578800000-0500)\/","RecordDate":"\/Date(-62135578800000-0500)\/"}},{"Key":{"Item1":"Dividend","Item2":"\/Date(1589515200000-0400)\/"},"Value":{"__type":"Dividend:#Pacmio","AsOfDate":"\/Date(1589515200000-0400)\/","Close_Price":121.98,"DataSource":-2147483638,"DeclarationDate":"\/Date(-62135578800000-0500)\/","Dividend":1.04,"ExDate":"\/Date(1589515200000-0400)\/","PayDate":"\/Date(-62135578800000-0500)\/","RecordDate":"\/Date(-62135578800000-0500)\/"}},{"Key":{"Item1":"Dividend","Item2":"\/Date(1581570000000-0500)\/"},"Value":{"__type":"Dividend:#Pacmio","AsOfDate":"\/Date(1581570000000-0500)\/","Close_Price":178.4,"DataSource":-2147483638,"DeclarationDate":"\/Date(-62135578800000-0500)\/","Dividend":0.97,"ExDate":"\/Date(1581570000000-0500)\/","PayDate":"\/Date(-62135578800000-0500)\/","RecordDate":"\/Date(-62135578800000-0500)\/"}},{"Key":{"Item1":"Dividend","Item2":"\/Date(1572580800000-0400)\/"},"Value":{"__type":"Dividend:#Pacmio","AsOfDate":"\/Date(1572580800000-0400)\/","Close_Price":152.89,"DataSource":-2147483638,"DeclarationDate":"\/Date(-62135578800000-0500)\/","Dividend":0.97,"ExDate":"\/Date(1572580800000-0400)\/","PayDate":"\/Date(-62135578800000-0500)\/","RecordDate":"\/Date(-62135578800000-0500)\/"}},{"Key":{"Item1":"Dividend","Item2":"\/Date(1564718400000-0400)\/"},"Value":{"__type":"Dividend:#Pacmio","AsOfDate":"\/Date(1564718400000-0400)\/","Close_Price":135.3,"DataSource":-2147483638,"DeclarationDate":"\/Date(-62135578800000-0500)\/","Dividend":0.97,"ExDate":"\/Date(1564718400000-0400)\/","PayDate":"\/Date(-62135578800000-0500)\/","RecordDate":"\/Date(-62135578800000-0500)\/"}},{"Key":{"Item1":"Dividend","Item2":"\/Date(1550120400000-0500)\/"},"Value":{"__type":"Dividend:#Pacmio","AsOfDate":"\/Date(1550120400000-0500)\/","Close_Price":127.16,"DataSource":-2147483638,"DeclarationDate":"\/Date(-62135578800000-0500)\/","Dividend":0.9,"ExDate":"\/Date(1550120400000-0500)\/","PayDate":"\/Date(-62135578800000-0500)\/","RecordDate":"\/Date(-62135578800000-0500)\/"}},{"Key":{"Item1":"Dividend","Item2":"\/Date(1541131200000-0400)\/"},"Value":{"__type":"Dividend:#Pacmio","AsOfDate":"\/Date(1541131200000-0400)\/","Close_Price":126.45,"DataSource":-2147483638,"DeclarationDate":"\/Date(-62135578800000-0500)\/","Dividend":0.9,"ExDate":"\/Date(1541131200000-0400)\/","PayDate":"\/Date(-62135578800000-0500)\/","RecordDate":"\/Date(-62135578800000-0500)\/"}},{"Key":{"Item1":"Dividend","Item2":"\/Date(1533268800000-0400)\/"},"Value":{"__type":"Dividend:#Pacmio","AsOfDate":"\/Date(1533268800000-0400)\/","Close_Price":140.86,"DataSource":-2147483638,"DeclarationDate":"\/Date(-62135578800000-0500)\/","Dividend":0.9,"ExDate":"\/Date(1533268800000-0400)\/","PayDate":"\/Date(-62135578800000-0500)\/","RecordDate":"\/Date(-62135578800000-0500)\/"}},{"Key":{"Item1":"Dividend","Item2":"\/Date(1525406400000-0400)\/"},"Value":{"__type":"Dividend:#Pacmio","AsOfDate":"\/Date(1525406400000-0400)\/","Close_Price":134.57,"DataSource":-2147483638,"DeclarationDate":"\/Date(-62135578800000-0500)\/","Dividend":0.9,"ExDate":"\/Date(1525406400000-0400)\/","PayDate":"\/Date(-62135578800000-0500)\/","RecordDate":"\/Date(-62135578800000-0500)\/"}},{"Key":{"Item1":"Dividend","Item2":"\/Date(1518670800000-0500)\/"},"Value":{"__type":"Dividend:#Pacmio","AsOfDate":"\/Date(1518670800000-0500)\/","Close_Price":159,"DataSource":-2147483638,"DeclarationDate":"\/Date(-62135578800000-0500)\/","Dividend":0.83,"ExDate":"\/Date(1518670800000-0500)\/","PayDate":"\/Date(-62135578800000-0500)\/","RecordDate":"\/Date(-62135578800000-0500)\/"}},{"Key":{"Item1":"Dividend","Item2":"\/Date(1509681600000-0400)\/"},"Value":{"__type":"Dividend:#Pacmio","AsOfDate":"\/Date(1509681600000-0400)\/","Close_Price":159.59,"DataSource":-2147483638,"DeclarationDate":"\/Date(-62135578800000-0500)\/","Dividend":0.83,"ExDate":"\/Date(1509681600000-0400)\/","PayDate":"\/Date(-62135578800000-0500)\/","RecordDate":"\/Date(-62135578800000-0500)\/"}},{"Key":{"Item1":"Dividend","Item2":"\/Date(1501732800000-0400)\/"},"Value":{"__type":"Dividend:#Pacmio","AsOfDate":"\/Date(1501732800000-0400)\/","Close_Price":146.25,"DataSource":-2147483638,"DeclarationDate":"\/Date(-62135578800000-0500)\/","Dividend":0.83,"ExDate":"\/Date(1501732800000-0400)\/","PayDate":"\/Date(-62135578800000-0500)\/","RecordDate":"\/Date(-62135578800000-0500)\/"}},{"Key":{"Item1":"Dividend","Item2":"\/Date(1493870400000-0400)\/"},"Value":{"__type":"Dividend:#Pacmio","AsOfDate":"\/Date(1493870400000-0400)\/","Close_Price":128.1,"DataSource":-2147483638,"DeclarationDate":"\/Date(-62135578800000-0500)\/","Dividend":0.83,"ExDate":"\/Date(1493870400000-0400)\/","PayDate":"\/Date(-62135578800000-0500)\/","RecordDate":"\/Date(-62135578800000-0500)\/"}},{"Key":{"Item1":"Dividend","Item2":"\/Date(1486616400000-0500)\/"},"Value":{"__type":"Dividend:#Pacmio","AsOfDate":"\/Date(1486616400000-0500)\/","Close_Price":123.73,"DataSource":-2147483638,"DeclarationDate":"\/Date(-62135578800000-0500)\/","Dividend":0.75,"ExDate":"\/Date(1486616400000-0500)\/","PayDate":"\/Date(-62135578800000-0500)\/","RecordDate":"\/Date(-62135578800000-0500)\/"}},{"Key":{"Item1":"Dividend","Item2":"\/Date(1478145600000-0400)\/"},"Value":{"__type":"Dividend:#Pacmio","AsOfDate":"\/Date(1478145600000-0400)\/","Close_Price":87.55,"DataSource":-2147483638,"DeclarationDate":"\/Date(-62135578800000-0500)\/","Dividend":0.75,"ExDate":"\/Date(1478145600000-0400)\/","PayDate":"\/Date(-62135578800000-0500)\/","RecordDate":"\/Date(-62135578800000-0500)\/"}},{"Key":{"Item1":"Dividend","Item2":"\/Date(1470283200000-0400)\/"},"Value":{"__type":"Dividend:#Pacmio","AsOfDate":"\/Date(1470283200000-0400)\/","Close_Price":93.94,"DataSource":-2147483638,"DeclarationDate":"\/Date(-62135578800000-0500)\/","Dividend":0.75,"ExDate":"\/Date(1470283200000-0400)\/","PayDate":"\/Date(-62135578800000-0500)\/","RecordDate":"\/Date(-62135578800000-0500)\/"}},{"Key":{"Item1":"Dividend","Item2":"\/Date(1462420800000-0400)\/"},"Value":{"__type":"Dividend:#Pacmio","AsOfDate":"\/Date(1462420800000-0400)\/","Close_Price":93.17,"DataSource":-2147483638,"DeclarationDate":"\/Date(-62135578800000-0500)\/","Dividend":0.75,"ExDate":"\/Date(1462420800000-0400)\/","PayDate":"\/Date(-62135578800000-0500)\/","RecordDate":"\/Date(-62135578800000-0500)\/"}},{"Key":{"Item1":"Dividend","Item2":"\/Date(1455080400000-0500)\/"},"Value":{"__type":"Dividend:#Pacmio","AsOfDate":"\/Date(1455080400000-0500)\/","Close_Price":80.31,"DataSource":-2147483638,"DeclarationDate":"\/Date(-62135578800000-0500)\/","Dividend":0.67,"ExDate":"\/Date(1455080400000-0500)\/","PayDate":"\/Date(-62135578800000-0500)\/","RecordDate":"\/Date(-62135578800000-0500)\/"}},{"Key":{"Item1":"Dividend","Item2":"\/Date(1446091200000-0400)\/"},"Value":{"__type":"Dividend:#Pacmio","AsOfDate":"\/Date(1446091200000-0400)\/","Close_Price":115.41,"DataSource":-2147483638,"DeclarationDate":"\/Date(-62135578800000-0500)\/","Dividend":0.67,"ExDate":"\/Date(1446091200000-0400)\/","PayDate":"\/Date(-62135578800000-0500)\/","RecordDate":"\/Date(-62135578800000-0500)\/"}},{"Key":{"Item1":"Dividend","Item2":"\/Date(1438228800000-0400)\/"},"Value":{"__type":"Dividend:#Pacmio","AsOfDate":"\/Date(1438228800000-0400)\/","Close_Price":126.58,"DataSource":-2147483638,"DeclarationDate":"\/Date(-62135578800000-0500)\/","Dividend":0.67,"ExDate":"\/Date(1438228800000-0400)\/","PayDate":"\/Date(-62135578800000-0500)\/","RecordDate":"\/Date(-62135578800000-0500)\/"}},{"Key":{"Item1":"Dividend","Item2":"\/Date(1430366400000-0400)\/"},"Value":{"__type":"Dividend:#Pacmio","AsOfDate":"\/Date(1430366400000-0400)\/","Close_Price":125.28,"DataSource":-2147483638,"DeclarationDate":"\/Date(-62135578800000-0500)\/","Dividend":0.67,"ExDate":"\/Date(1430366400000-0400)\/","PayDate":"\/Date(-62135578800000-0500)\/","RecordDate":"\/Date(-62135578800000-0500)\/"}},{"Key":{"Item1":"Dividend","Item2":"\/Date(1423112400000-0500)\/"},"Value":{"__type":"Dividend:#Pacmio","AsOfDate":"\/Date(1423112400000-0500)\/","Close_Price":132.48,"DataSource":-2147483638,"DeclarationDate":"\/Date(-62135578800000-0500)\/","Dividend":0.58,"ExDate":"\/Date(1423112400000-0500)\/","PayDate":"\/Date(-62135578800000-0500)\/","RecordDate":"\/Date(-62135578800000-0500)\/"}},{"Key":{"Item1":"Dividend","Item2":"\/Date(1415250000000-0500)\/"},"Value":{"__type":"Dividend:#Pacmio","AsOfDate":"\/Date(1415250000000-0500)\/","Close_Price":128.89,"DataSource":-2147483638,"DeclarationDate":"\/Date(-62135578800000-0500)\/","Dividend":0.58,"ExDate":"\/Date(1415250000000-0500)\/","PayDate":"\/Date(-62135578800000-0500)\/","RecordDate":"\/Date(-62135578800000-0500)\/"}},{"Key":{"Item1":"Dividend","Item2":"\/Date(1407384000000-0400)\/"},"Value":{"__type":"Dividend:#Pacmio","AsOfDate":"\/Date(1407384000000-0400)\/","Close_Price":116.5,"DataSource":-2147483638,"DeclarationDate":"\/Date(-62135578800000-0500)\/","Dividend":0.58,"ExDate":"\/Date(1407384000000-0400)\/","PayDate":"\/Date(-62135578800000-0500)\/","RecordDate":"\/Date(-62135578800000-0500)\/"}},{"Key":{"Item1":"Dividend","Item2":"\/Date(1399435200000-0400)\/"},"Value":{"__type":"Dividend:#Pacmio","AsOfDate":"\/Date(1399435200000-0400)\/","Close_Price":111.58,"DataSource":-2147483638,"DeclarationDate":"\/Date(-62135578800000-0500)\/","Dividend":0.58,"ExDate":"\/Date(1399435200000-0400)\/","PayDate":"\/Date(-62135578800000-0500)\/","RecordDate":"\/Date(-62135578800000-0500)\/"}},{"Key":{"Item1":"Dividend","Item2":"\/Date(1392181200000-0500)\/"},"Value":{"__type":"Dividend:#Pacmio","AsOfDate":"\/Date(1392181200000-0500)\/","Close_Price":106.98,"DataSource":-2147483638,"DeclarationDate":"\/Date(-62135578800000-0500)\/","Dividend":0.52,"ExDate":"\/Date(1392181200000-0500)\/","PayDate":"\/Date(-62135578800000-0500)\/","RecordDate":"\/Date(-62135578800000-0500)\/"}},{"Key":{"Item1":"Dividend","Item2":"\/Date(1383800400000-0500)\/"},"Value":{"__type":"Dividend:#Pacmio","AsOfDate":"\/Date(1383800400000-0500)\/","Close_Price":100.43,"DataSource":-2147483638,"DeclarationDate":"\/Date(-62135578800000-0500)\/","Dividend":0.52,"ExDate":"\/Date(1383800400000-0500)\/","PayDate":"\/Date(-62135578800000-0500)\/","RecordDate":"\/Date(-62135578800000-0500)\/"}},{"Key":{"Item1":"Dividend","Item2":"\/Date(1375329600000-0400)\/"},"Value":{"__type":"Dividend:#Pacmio","AsOfDate":"\/Date(1375329600000-0400)\/","Close_Price":90.98,"DataSource":-2147483638,"DeclarationDate":"\/Date(-62135578800000-0500)\/","Dividend":0.52,"ExDate":"\/Date(1375329600000-0400)\/","PayDate":"\/Date(-62135578800000-0500)\/","RecordDate":"\/Date(-62135578800000-0500)\/"}},{"Key":{"Item1":"Dividend","Item2":"\/Date(1367467200000-0400)\/"},"Value":{"__type":"Dividend:#Pacmio","AsOfDate":"\/Date(1367467200000-0400)\/","Close_Price":73.56,"DataSource":-2147483638,"DeclarationDate":"\/Date(-62135578800000-0500)\/","Dividend":0.52,"ExDate":"\/Date(1367467200000-0400)\/","PayDate":"\/Date(-62135578800000-0500)\/","RecordDate":"\/Date(-62135578800000-0500)\/"}},{"Key":{"Item1":"Dividend","Item2":"\/Date(1360213200000-0500)\/"},"Value":{"__type":"Dividend:#Pacmio","AsOfDate":"\/Date(1360213200000-0500)\/","Close_Price":66.13,"DataSource":-2147483638,"DeclarationDate":"\/Date(-62135578800000-0500)\/","Dividend":0.45,"ExDate":"\/Date(1360213200000-0500)\/","PayDate":"\/Date(-62135578800000-0500)\/","RecordDate":"\/Date(-62135578800000-0500)\/"}},{"Key":{"Item1":"Dividend","Item2":"\/Date(1351742400000-0400)\/"},"Value":{"__type":"Dividend:#Pacmio","AsOfDate":"\/Date(1351742400000-0400)\/","Close_Price":59.68,"DataSource":-2147483638,"DeclarationDate":"\/Date(-62135578800000-0500)\/","Dividend":0.45,"ExDate":"\/Date(1351742400000-0400)\/","PayDate":"\/Date(-62135578800000-0500)\/","RecordDate":"\/Date(-62135578800000-0500)\/"}},{"Key":{"Item1":"Dividend","Item2":"\/Date(1343793600000-0400)\/"},"Value":{"__type":"Dividend:#Pacmio","AsOfDate":"\/Date(1343793600000-0400)\/","Close_Price":51.32,"DataSource":-2147483638,"DeclarationDate":"\/Date(-62135578800000-0500)\/","Dividend":0.35,"ExDate":"\/Date(1343793600000-0400)\/","PayDate":"\/Date(-62135578800000-0500)\/","RecordDate":"\/Date(-62135578800000-0500)\/"}},{"Key":{"Item1":"Dividend","Item2":"\/Date(1335931200000-0400)\/"},"Value":{"__type":"Dividend:#Pacmio","AsOfDate":"\/Date(1335931200000-0400)\/","Close_Price":53.41,"DataSource":-2147483638,"DeclarationDate":"\/Date(-62135578800000-0500)\/","Dividend":0.35,"ExDate":"\/Date(1335931200000-0400)\/","PayDate":"\/Date(-62135578800000-0500)\/","RecordDate":"\/Date(-62135578800000-0500)\/"}},{"Key":{"Item1":"Dividend","Item2":"\/Date(1328677200000-0500)\/"},"Value":{"__type":"Dividend:#Pacmio","AsOfDate":"\/Date(1328677200000-0500)\/","Close_Price":54.62,"DataSource":-2147483638,"DeclarationDate":"\/Date(-62135578800000-0500)\/","Dividend":0.28,"ExDate":"\/Date(1328677200000-0500)\/","PayDate":"\/Date(-62135578800000-0500)\/","RecordDate":"\/Date(-62135578800000-0500)\/"}},{"Key":{"Item1":"Dividend","Item2":"\/Date(1320206400000-0400)\/"},"Value":{"__type":"Dividend:#Pacmio","AsOfDate":"\/Date(1320206400000-0400)\/","Close_Price":45.16,"DataSource":-2147483638,"DeclarationDate":"\/Date(-62135578800000-0500)\/","Dividend":0.23,"ExDate":"\/Date(1320206400000-0400)\/","PayDate":"\/Date(-62135578800000-0500)\/","RecordDate":"\/Date(-62135578800000-0500)\/"}},{"Key":{"Item1":"Dividend","Item2":"\/Date(1312344000000-0400)\/"},"Value":{"__type":"Dividend:#Pacmio","AsOfDate":"\/Date(1312344000000-0400)\/","Close_Price":50.58,"DataSource":-2147483638,"DeclarationDate":"\/Date(-62135578800000-0500)\/","Dividend":0.23,"ExDate":"\/Date(1312344000000-0400)\/","PayDate":"\/Date(-62135578800000-0500)\/","RecordDate":"\/Date(-62135578800000-0500)\/"}},{"Key":{"Item1":"Dividend","Item2":"\/Date(1304481600000-0400)\/"},"Value":{"__type":"Dividend:#Pacmio","AsOfDate":"\/Date(1304481600000-0400)\/","Close_Price":60.49,"DataSource":-2147483638,"DeclarationDate":"\/Date(-62135578800000-0500)\/","Dividend":0.23,"ExDate":"\/Date(1304481600000-0400)\/","PayDate":"\/Date(-62135578800000-0500)\/","RecordDate":"\/Date(-62135578800000-0500)\/"}},{"Key":{"Item1":"Dividend","Item2":"\/Date(1297227600000-0500)\/"},"Value":{"__type":"Dividend:#Pacmio","AsOfDate":"\/Date(1297227600000-0500)\/","Close_Price":61.21,"DataSource":-2147483638,"DeclarationDate":"\/Date(-62135578800000-0500)\/","Dividend":0.18,"ExDate":"\/Date(1297227600000-0500)\/","PayDate":"\/Date(-62135578800000-0500)\/","RecordDate":"\/Date(-62135578800000-0500)\/"}},{"Key":{"Item1":"Dividend","Item2":"\/Date(1288843200000-0400)\/"},"Value":{"__type":"Dividend:#Pacmio","AsOfDate":"\/Date(1288843200000-0400)\/","Close_Price":53.73,"DataSource":-2147483638,"DeclarationDate":"\/Date(-62135578800000-0500)\/","Dividend":0.18,"ExDate":"\/Date(1288843200000-0400)\/","PayDate":"\/Date(-62135578800000-0500)\/","RecordDate":"\/Date(-62135578800000-0500)\/"}},{"Key":{"Item1":"Dividend","Item2":"\/Date(1280894400000-0400)\/"},"Value":{"__type":"Dividend:#Pacmio","AsOfDate":"\/Date(1280894400000-0400)\/","Close_Price":43.23,"DataSource":-2147483638,"DeclarationDate":"\/Date(-62135578800000-0500)\/","Dividend":0.18,"ExDate":"\/Date(1280894400000-0400)\/","PayDate":"\/Date(-62135578800000-0500)\/","RecordDate":"\/Date(-62135578800000-0500)\/"}},{"Key":{"Item1":"Dividend","Item2":"\/Date(1273032000000-0400)\/"},"Value":{"__type":"Dividend:#Pacmio","AsOfDate":"\/Date(1273032000000-0400)\/","Close_Price":45.51,"DataSource":-2147483638,"DeclarationDate":"\/Date(-62135578800000-0500)\/","Dividend":0.18,"ExDate":"\/Date(1273032000000-0400)\/","PayDate":"\/Date(-62135578800000-0500)\/","RecordDate":"\/Date(-62135578800000-0500)\/"}},{"Key":{"Item1":"Dividend","Item2":"\/Date(1265778000000-0500)\/"},"Value":{"__type":"Dividend:#Pacmio","AsOfDate":"\/Date(1265778000000-0500)\/","Close_Price":38.54,"DataSource":-2147483638,"DeclarationDate":"\/Date(-62135578800000-0500)\/","Dividend":0.17,"ExDate":"\/Date(1265778000000-0500)\/","PayDate":"\/Date(-62135578800000-0500)\/","RecordDate":"\/Date(-62135578800000-0500)\/"}},{"Key":{"Item1":"Dividend","Item2":"\/Date(1256788800000-0400)\/"},"Value":{"__type":"Dividend:#Pacmio","AsOfDate":"\/Date(1256788800000-0400)\/","Close_Price":35.49,"DataSource":-2147483638,"DeclarationDate":"\/Date(-62135578800000-0500)\/","Dividend":0.17,"ExDate":"\/Date(1256788800000-0400)\/","PayDate":"\/Date(-62135578800000-0500)\/","RecordDate":"\/Date(-62135578800000-0500)\/"}},{"Key":{"Item1":"Dividend","Item2":"\/Date(1248926400000-0400)\/"},"Value":{"__type":"Dividend:#Pacmio","AsOfDate":"\/Date(1248926400000-0400)\/","Close_Price":28.04,"DataSource":-2147483638,"DeclarationDate":"\/Date(-62135578800000-0500)\/","Dividend":0.17,"ExDate":"\/Date(1248926400000-0400)\/","PayDate":"\/Date(-62135578800000-0500)\/","RecordDate":"\/Date(-62135578800000-0500)\/"}},{"Key":{"Item1":"Dividend","Item2":"\/Date(1241064000000-0400)\/"},"Value":{"__type":"Dividend:#Pacmio","AsOfDate":"\/Date(1241064000000-0400)\/","Close_Price":26.35,"DataSource":-2147483638,"DeclarationDate":"\/Date(-62135578800000-0500)\/","Dividend":0.17,"ExDate":"\/Date(1241064000000-0400)\/","PayDate":"\/Date(-62135578800000-0500)\/","RecordDate":"\/Date(-62135578800000-0500)\/"}},{"Key":{"Item1":"Dividend","Item2":"\/Date(1233723600000-0500)\/"},"Value":{"__type":"Dividend:#Pacmio","AsOfDate":"\/Date(1233723600000-0500)\/","Close_Price":20.78,"DataSource":-2147483638,"DeclarationDate":"\/Date(-62135578800000-0500)\/","Dividend":0.17,"ExDate":"\/Date(1233723600000-0500)\/","PayDate":"\/Date(-62135578800000-0500)\/","RecordDate":"\/Date(-62135578800000-0500)\/"}},{"Key":{"Item1":"Dividend","Item2":"\/Date(1225861200000-0500)\/"},"Value":{"__type":"Dividend:#Pacmio","AsOfDate":"\/Date(1225861200000-0500)\/","Close_Price":21.75,"DataSource":-2147483638,"DeclarationDate":"\/Date(-62135578800000-0500)\/","Dividend":0.17,"ExDate":"\/Date(1225861200000-0500)\/","PayDate":"\/Date(-62135578800000-0500)\/","RecordDate":"\/Date(-62135578800000-0500)\/"}},{"Key":{"Item1":"Dividend","Item2":"\/Date(1217995200000-0400)\/"},"Value":{"__type":"Dividend:#Pacmio","AsOfDate":"\/Date(1217995200000-0400)\/","Close_Price":43.17,"DataSource":-2147483638,"DeclarationDate":"\/Date(-62135578800000-0500)\/","Dividend":0.17,"ExDate":"\/Date(1217995200000-0400)\/","PayDate":"\/Date(-62135578800000-0500)\/","RecordDate":"\/Date(-62135578800000-0500)\/"}},{"Key":{"Item1":"Dividend","Item2":"\/Date(1209528000000-0400)\/"},"Value":{"__type":"Dividend:#Pacmio","AsOfDate":"\/Date(1209528000000-0400)\/","Close_Price":47.49,"DataSource":-2147483638,"DeclarationDate":"\/Date(-62135578800000-0500)\/","Dividend":0.15,"ExDate":"\/Date(1209528000000-0400)\/","PayDate":"\/Date(-62135578800000-0500)\/","RecordDate":"\/Date(-62135578800000-0500)\/"}},{"Key":{"Item1":"Dividend","Item2":"\/Date(1201755600000-0500)\/"},"Value":{"__type":"Dividend:#Pacmio","AsOfDate":"\/Date(1201755600000-0500)\/","Close_Price":55.31,"DataSource":-2147483638,"DeclarationDate":"\/Date(-62135578800000-0500)\/","Dividend":0.15,"ExDate":"\/Date(1201755600000-0500)\/","PayDate":"\/Date(-62135578800000-0500)\/","RecordDate":"\/Date(-62135578800000-0500)\/"}},{"Key":{"Item1":"Dividend","Item2":"\/Date(1193889600000-0400)\/"},"Value":{"__type":"Dividend:#Pacmio","AsOfDate":"\/Date(1193889600000-0400)\/","Close_Price":60.54,"DataSource":-2147483638,"DeclarationDate":"\/Date(-62135578800000-0500)\/","Dividend":0.15,"ExDate":"\/Date(1193889600000-0400)\/","PayDate":"\/Date(-62135578800000-0500)\/","RecordDate":"\/Date(-62135578800000-0500)\/"}},{"Key":{"Item1":"Dividend","Item2":"\/Date(1186027200000-0400)\/"},"Value":{"__type":"Dividend:#Pacmio","AsOfDate":"\/Date(1186027200000-0400)\/","Close_Price":58.5,"DataSource":-2147483638,"DeclarationDate":"\/Date(-62135578800000-0500)\/","Dividend":0.15,"ExDate":"\/Date(1186027200000-0400)\/","PayDate":"\/Date(-62135578800000-0500)\/","RecordDate":"\/Date(-62135578800000-0500)\/"}},{"Key":{"Item1":"Dividend","Item2":"\/Date(1178078400000-0400)\/"},"Value":{"__type":"Dividend:#Pacmio","AsOfDate":"\/Date(1178078400000-0400)\/","Close_Price":60.33,"DataSource":-2147483638,"DeclarationDate":"\/Date(-62135578800000-0500)\/","Dividend":0.15,"ExDate":"\/Date(1178078400000-0400)\/","PayDate":"\/Date(-62135578800000-0500)\/","RecordDate":"\/Date(-62135578800000-0500)\/"}},{"Key":{"Item1":"Dividend","Item2":"\/Date(1170306000000-0500)\/"},"Value":{"__type":"Dividend:#Pacmio","AsOfDate":"\/Date(1170306000000-0500)\/","Close_Price":59.04,"DataSource":-2147483638,"DeclarationDate":"\/Date(-62135578800000-0500)\/","Dividend":0.11,"ExDate":"\/Date(1170306000000-0500)\/","PayDate":"\/Date(-62135578800000-0500)\/","RecordDate":"\/Date(-62135578800000-0500)\/"}},{"Key":{"Item1":"Dividend","Item2":"\/Date(1162530000000-0500)\/"},"Value":{"__type":"Dividend:#Pacmio","AsOfDate":"\/Date(1162530000000-0500)\/","Close_Price":50.24,"DataSource":-2147483638,"DeclarationDate":"\/Date(-62135578800000-0500)\/","Dividend":0.11,"ExDate":"\/Date(1162530000000-0500)\/","PayDate":"\/Date(-62135578800000-0500)\/","RecordDate":"\/Date(-62135578800000-0500)\/"}},{"Key":{"Item1":"Dividend","Item2":"\/Date(1154664000000-0400)\/"},"Value":{"__type":"Dividend:#Pacmio","AsOfDate":"\/Date(1154664000000-0400)\/","Close_Price":44.91,"DataSource":-2147483638,"DeclarationDate":"\/Date(-62135578800000-0500)\/","Dividend":0.11,"ExDate":"\/Date(1154664000000-0400)\/","PayDate":"\/Date(-62135578800000-0500)\/","RecordDate":"\/Date(-62135578800000-0500)\/"}},{"Key":{"Item1":"Dividend","Item2":"\/Date(1147060800000-0400)\/"},"Value":{"__type":"Dividend:#Pacmio","AsOfDate":"\/Date(1147060800000-0400)\/","Close_Price":49.13,"DataSource":-2147483638,"DeclarationDate":"\/Date(-62135578800000-0500)\/","Dividend":0.11,"ExDate":"\/Date(1147060800000-0400)\/","PayDate":"\/Date(-62135578800000-0500)\/","RecordDate":"\/Date(-62135578800000-0500)\/"}},{"Key":{"Item1":"Dividend","Item2":"\/Date(1138683600000-0500)\/"},"Value":{"__type":"Dividend:#Pacmio","AsOfDate":"\/Date(1138683600000-0500)\/","Close_Price":40.69,"DataSource":-2147483638,"DeclarationDate":"\/Date(-62135578800000-0500)\/","Dividend":0.11,"ExDate":"\/Date(1138683600000-0500)\/","PayDate":"\/Date(-62135578800000-0500)\/","RecordDate":"\/Date(-62135578800000-0500)\/"}},{"Key":{"Item1":"Dividend","Item2":"\/Date(1130907600000-0500)\/"},"Value":{"__type":"Dividend:#Pacmio","AsOfDate":"\/Date(1130907600000-0500)\/","Close_Price":36.8,"DataSource":-2147483638,"DeclarationDate":"\/Date(-62135578800000-0500)\/","Dividend":0.11,"ExDate":"\/Date(1130907600000-0500)\/","PayDate":"\/Date(-62135578800000-0500)\/","RecordDate":"\/Date(-62135578800000-0500)\/"}}]}