{"ContractKey":{"Item1":"GME","Item2":1000,"Item3":"STOCK"},"DataLUT":[{"Key":{"Item1":"Dividend","Item2":"\/Date(1552536000000-0400)\/"},"Value":{"__type":"Dividend:#Pacmio","AsOfDate":"\/Date(1552536000000-0400)\/","Close_Price":10.95,"DataSource":-2147483638,"DeclarationDate":"\/Date(-62135578800000-0500)\/","Dividend":0.38,"ExDate":"\/Date(1552536000000-0400)\/","PayDate":"\/Date(-62135578800000-0500)\/","RecordDate":"\/Date(-62135578800000-0500)\/"}},{"Key":{"Item1":"Dividend","Item2":"\/Date(1544418000000-0500)\/"},"Value":{"__type":"Dividend:#Pacmio","AsOfDate":"\/Date(1544418000000-0500)\/","Close_Price":13.23,"DataSource":-2147483638,"DeclarationDate":"\/Date(-62135578800000-0500)\/","Dividend":0.38,"ExDate":"\/Date(1544418000000-0500)\/","PayDate":"\/Date(-62135578800000-0500)\/","RecordDate":"\/Date(-62135578800000-0500)\/"}},{"Key":{"Item1":"Dividend","Item2":"\/Date(1537156800000-0400)\/"},"Value":{"__type":"Dividend:#Pacmio","AsOfDate":"\/Date(1537156800000-0400)\/","Close_Price":16.61,"DataSource":-2147483638,"DeclarationDate":"\/Date(-62135578800000-0500)\/","Dividend":0.38,"ExDate":"\/Date(1537156800000-0400)\/","PayDate":"\/Date(-62135578800000-0500)\/","RecordDate":"\/Date(-62135578800000-0500)\/"}},{"Key":{"Item1":"Dividend","Item2":"\/Date(1528689600000-0400)\/"},"Value":{"__type":"Dividend:#Pacmio","AsOfDate":"\/Date(1528689600000-0400)\/","Close_Price":14.29,"DataSource":-2147483638,"DeclarationDate":"\/Date(-62135578800000-0500)\/","Dividend":0.38,"ExDate":"\/Date(1528689600000-0400)\/","PayDate":"\/Date(-62135578800000-0500)\/","RecordDate":"\/Date(-62135578800000-0500)\/"}},{"Key":{"Item1":"Dividend","Item2":"\/Date(1519966800000-0500)\/"},"Value":{"__type":"Dividend:#Pacmio","AsOfDate":"\/Date(1519966800000-0500)\/","Close_Price":15.93,"DataSource":-2147483638,"DeclarationDate":"\/Date(-62135578800000-0500)\/","Dividend":0.38,"ExDate":"\/Date(1519966800000-0500)\/","PayDate":"\/Date(-62135578800000-0500)\/","RecordDate":"\/Date(-62135578800000-0500)\/"}},{"Key":{"Item1":"Dividend","Item2":"\/Date(1512018000000-0500)\/"},"Value":{"__type":"Dividend:#Pacmio","AsOfDate":"\/Date(1512018000000-0500)\/","Close_Price":18.75,"DataSource":-2147483638,"DeclarationDate":"\/Date(-62135578800000-0500)\/","Dividend":0.38,"ExDate":"\/Date(1512018000000-0500)\/","PayDate":"\/Date(-62135578800000-0500)\/","RecordDate":"\/Date(-62135578800000-0500)\/"}},{"Key":{"Item1":"Dividend","Item2":"\/Date(1504756800000-0400)\/"},"Value":{"__type":"Dividend:#Pacmio","AsOfDate":"\/Date(1504756800000-0400)\/","Close_Price":18.85,"DataSource":-2147483638,"DeclarationDate":"\/Date(-62135578800000-0500)\/","Dividend":0.38,"ExDate":"\/Date(1504756800000-0400)\/","PayDate":"\/Date(-62135578800000-0500)\/","RecordDate":"\/Date(-62135578800000-0500)\/"}},{"Key":{"Item1":"Dividend","Item2":"\/Date(1496635200000-0400)\/"},"Value":{"__type":"Dividend:#Pacmio","AsOfDate":"\/Date(1496635200000-0400)\/","Close_Price":22.48,"DataSource":-2147483638,"DeclarationDate":"\/Date(-62135578800000-0500)\/","Dividend":0.38,"ExDate":"\/Date(1496635200000-0400)\/","PayDate":"\/Date(-62135578800000-0500)\/","RecordDate":"\/Date(-62135578800000-0500)\/"}},{"Key":{"Item1":"Dividend","Item2":"\/Date(1489122000000-0500)\/"},"Value":{"__type":"Dividend:#Pacmio","AsOfDate":"\/Date(1489122000000-0500)\/","Close_Price":25.18,"DataSource":-2147483638,"DeclarationDate":"\/Date(-62135578800000-0500)\/","Dividend":0.38,"ExDate":"\/Date(1489122000000-0500)\/","PayDate":"\/Date(-62135578800000-0500)\/","RecordDate":"\/Date(-62135578800000-0500)\/"}},{"Key":{"Item1":"Dividend","Item2":"\/Date(1480395600000-0500)\/"},"Value":{"__type":"Dividend:#Pacmio","AsOfDate":"\/Date(1480395600000-0500)\/","Close_Price":24.49,"DataSource":-2147483638,"DeclarationDate":"\/Date(-62135578800000-0500)\/","Dividend":0.37,"ExDate":"\/Date(1480395600000-0500)\/","PayDate":"\/Date(-62135578800000-0500)\/","RecordDate":"\/Date(-62135578800000-0500)\/"}},{"Key":{"Item1":"Dividend","Item2":"\/Date(1473220800000-0400)\/"},"Value":{"__type":"Dividend:#Pacmio","AsOfDate":"\/Date(1473220800000-0400)\/","Close_Price":28.13,"DataSource":-2147483638,"DeclarationDate":"\/Date(-62135578800000-0500)\/","Dividend":0.37,"ExDate":"\/Date(1473220800000-0400)\/","PayDate":"\/Date(-62135578800000-0500)\/","RecordDate":"\/Date(-62135578800000-0500)\/"}},{"Key":{"Item1":"Dividend","Item2":"\/Date(1465185600000-0400)\/"},"Value":{"__type":"Dividend:#Pacmio","AsOfDate":"\/Date(1465185600000-0400)\/","Close_Price":28.47,"DataSource":-2147483638,"DeclarationDate":"\/Date(-62135578800000-0500)\/","Dividend":0.37,"ExDate":"\/Date(1465185600000-0400)\/","PayDate":"\/Date(-62135578800000-0500)\/","RecordDate":"\/Date(-62135578800000-0500)\/"}},{"Key":{"Item1":"Dividend","Item2":"\/Date(1457067600000-0500)\/"},"Value":{"__type":"Dividend:#Pacmio","AsOfDate":"\/Date(1457067600000-0500)\/","Close_Price":31.23,"DataSource":-2147483638,"DeclarationDate":"\/Date(-62135578800000-0500)\/","Dividend":0.37,"ExDate":"\/Date(1457067600000-0500)\/","PayDate":"\/Date(-62135578800000-0500)\/","RecordDate":"\/Date(-62135578800000-0500)\/"}},{"Key":{"Item1":"Dividend","Item2":"\/Date(1448946000000-0500)\/"},"Value":{"__type":"Dividend:#Pacmio","AsOfDate":"\/Date(1448946000000-0500)\/","Close_Price":34.7,"DataSource":-2147483638,"DeclarationDate":"\/Date(-62135578800000-0500)\/","Dividend":0.36,"ExDate":"\/Date(1448946000000-0500)\/","PayDate":"\/Date(-62135578800000-0500)\/","RecordDate":"\/Date(-62135578800000-0500)\/"}},{"Key":{"Item1":"Dividend","Item2":"\/Date(1441339200000-0400)\/"},"Value":{"__type":"Dividend:#Pacmio","AsOfDate":"\/Date(1441339200000-0400)\/","Close_Price":41.25,"DataSource":-2147483638,"DeclarationDate":"\/Date(-62135578800000-0500)\/","Dividend":0.36,"ExDate":"\/Date(1441339200000-0400)\/","PayDate":"\/Date(-62135578800000-0500)\/","RecordDate":"\/Date(-62135578800000-0500)\/"}},{"Key":{"Item1":"Dividend","Item2":"\/Date(1433736000000-0400)\/"},"Value":{"__type":"Dividend:#Pacmio","AsOfDate":"\/Date(1433736000000-0400)\/","Close_Price":43.05,"DataSource":-2147483638,"DeclarationDate":"\/Date(-62135578800000-0500)\/","Dividend":0.36,"ExDate":"\/Date(1433736000000-0400)\/","PayDate":"\/Date(-62135578800000-0500)\/","RecordDate":"\/Date(-62135578800000-0500)\/"}},{"Key":{"Item1":"Dividend","Item2":"\/Date(1426219200000-0400)\/"},"Value":{"__type":"Dividend:#Pacmio","AsOfDate":"\/Date(1426219200000-0400)\/","Close_Price":40.7,"DataSource":-2147483638,"DeclarationDate":"\/Date(-62135578800000-0500)\/","Dividend":0.36,"ExDate":"\/Date(1426219200000-0400)\/","PayDate":"\/Date(-62135578800000-0500)\/","RecordDate":"\/Date(-62135578800000-0500)\/"}},{"Key":{"Item1":"Dividend","Item2":"\/Date(1416546000000-0500)\/"},"Value":{"__type":"Dividend:#Pacmio","AsOfDate":"\/Date(1416546000000-0500)\/","Close_Price":37.86,"DataSource":-2147483638,"DeclarationDate":"\/Date(-62135578800000-0500)\/","Dividend":0.33,"ExDate":"\/Date(1416546000000-0500)\/","PayDate":"\/Date(-62135578800000-0500)\/","RecordDate":"\/Date(-62135578800000-0500)\/"}},{"Key":{"Item1":"Dividend","Item2":"\/Date(1409284800000-0400)\/"},"Value":{"__type":"Dividend:#Pacmio","AsOfDate":"\/Date(1409284800000-0400)\/","Close_Price":42.2,"DataSource":-2147483638,"DeclarationDate":"\/Date(-62135578800000-0500)\/","Dividend":0.33,"ExDate":"\/Date(1409284800000-0400)\/","PayDate":"\/Date(-62135578800000-0500)\/","RecordDate":"\/Date(-62135578800000-0500)\/"}},{"Key":{"Item1":"Dividend","Item2":"\/Date(1401681600000-0400)\/"},"Value":{"__type":"Dividend:#Pacmio","AsOfDate":"\/Date(1401681600000-0400)\/","Close_Price":36.56,"DataSource":-2147483638,"DeclarationDate":"\/Date(-62135578800000-0500)\/","Dividend":0.33,"ExDate":"\/Date(1401681600000-0400)\/","PayDate":"\/Date(-62135578800000-0500)\/","RecordDate":"\/Date(-62135578800000-0500)\/"}},{"Key":{"Item1":"Dividend","Item2":"\/Date(1394683200000-0400)\/"},"Value":{"__type":"Dividend:#Pacmio","AsOfDate":"\/Date(1394683200000-0400)\/","Close_Price":37.12,"DataSource":-2147483638,"DeclarationDate":"\/Date(-62135578800000-0500)\/","Dividend":0.33,"ExDate":"\/Date(1394683200000-0400)\/","PayDate":"\/Date(-62135578800000-0500)\/","RecordDate":"\/Date(-62135578800000-0500)\/"}},{"Key":{"Item1":"Dividend","Item2":"\/Date(1385960400000-0500)\/"},"Value":{"__type":"Dividend:#Pacmio","AsOfDate":"\/Date(1385960400000-0500)\/","Close_Price":46.97,"DataSource":-2147483638,"DeclarationDate":"\/Date(-62135578800000-0500)\/","Dividend":0.275,"ExDate":"\/Date(1385960400000-0500)\/","PayDate":"\/Date(-62135578800000-0500)\/","RecordDate":"\/Date(-62135578800000-0500)\/"}},{"Key":{"Item1":"Dividend","Item2":"\/Date(1377748800000-0400)\/"},"Value":{"__type":"Dividend:#Pacmio","AsOfDate":"\/Date(1377748800000-0400)\/","Close_Price":50.66,"DataSource":-2147483638,"DeclarationDate":"\/Date(-62135578800000-0500)\/","Dividend":0.275,"ExDate":"\/Date(1377748800000-0400)\/","PayDate":"\/Date(-62135578800000-0500)\/","RecordDate":"\/Date(-62135578800000-0500)\/"}},{"Key":{"Item1":"Dividend","Item2":"\/Date(1369972800000-0400)\/"},"Value":{"__type":"Dividend:#Pacmio","AsOfDate":"\/Date(1369972800000-0400)\/","Close_Price":33.16,"DataSource":-2147483638,"DeclarationDate":"\/Date(-62135578800000-0500)\/","Dividend":0.275,"ExDate":"\/Date(1369972800000-0400)\/","PayDate":"\/Date(-62135578800000-0500)\/","RecordDate":"\/Date(-62135578800000-0500)\/"}},{"Key":{"Item1":"Dividend","Item2":"\/Date(1362114000000-0500)\/"},"Value":{"__type":"Dividend:#Pacmio","AsOfDate":"\/Date(1362114000000-0500)\/","Close_Price":24.05,"DataSource":-2147483638,"DeclarationDate":"\/Date(-62135578800000-0500)\/","Dividend":0.275,"ExDate":"\/Date(1362114000000-0500)\/","PayDate":"\/Date(-62135578800000-0500)\/","RecordDate":"\/Date(-62135578800000-0500)\/"}},{"Key":{"Item1":"Dividend","Item2":"\/Date(1353906000000-0500)\/"},"Value":{"__type":"Dividend:#Pacmio","AsOfDate":"\/Date(1353906000000-0500)\/","Close_Price":26.82,"DataSource":-2147483638,"DeclarationDate":"\/Date(-62135578800000-0500)\/","Dividend":0.25,"ExDate":"\/Date(1353906000000-0500)\/","PayDate":"\/Date(-62135578800000-0500)\/","RecordDate":"\/Date(-62135578800000-0500)\/"}},{"Key":{"Item1":"Dividend","Item2":"\/Date(1345780800000-0400)\/"},"Value":{"__type":"Dividend:#Pacmio","AsOfDate":"\/Date(1345780800000-0400)\/","Close_Price":18.42,"DataSource":-2147483638,"DeclarationDate":"\/Date(-62135578800000-0500)\/","Dividend":0.25,"ExDate":"\/Date(1345780800000-0400)\/","PayDate":"\/Date(-62135578800000-0500)\/","RecordDate":"\/Date(-62135578800000-0500)\/"}},{"Key":{"Item1":"Dividend","Item2":"\/Date(1337832000000-0400)\/"},"Value":{"__type":"Dividend:#Pacmio","AsOfDate":"\/Date(1337832000000-0400)\/","Close_Price":19.17,"DataSource":-2147483638,"DeclarationDate":"\/Date(-62135578800000-0500)\/","Dividend":0.15,"ExDate":"\/Date(1337832000000-0400)\/","PayDate":"\/Date(-62135578800000-0500)\/","RecordDate":"\/Date(-62135578800000-0500)\/"}},{"Key":{"Item1":"Dividend","Item2":"\/Date(1329368400000-0500)\/"},"Value":{"__type":"Dividend:#Pacmio","AsOfDate":"\/Date(1329368400000-0500)\/","Close_Price":23.04,"DataSource":-2147483638,"DeclarationDate":"\/Date(-62135578800000-0500)\/","Dividend":0.15,"ExDate":"\/Date(1329368400000-0500)\/","PayDate":"\/Date(-62135578800000-0500)\/","RecordDate":"\/Date(-62135578800000-0500)\/"}},{"Key":{"Item1":"Split","Item2":"\/Date(1174276800000-0400)\/"},"Value":{"__type":"Split:#Pacmio","AsOfDate":"\/Date(1174276800000-0400)\/","Close_Price":27.21,"DataSource":-2147483638,"Split":2}}]}