{"ContractKey":{"Item1":"ARKW","Item2":1002,"Item3":"STOCK"},"DataLUT":[{"Key":{"Item1":"Dividend","Item2":"\/Date(1609218000000-0500)\/"},"Value":{"__type":"Dividend:#Pacmio","AsOfDate":"\/Date(1609218000000-0500)\/","Close_Price":145.09,"DataSource":-2147483638,"DeclarationDate":"\/Date(-62135578800000-0500)\/","Dividend":1.89448,"ExDate":"\/Date(1609218000000-0500)\/","PayDate":"\/Date(-62135578800000-0500)\/","RecordDate":"\/Date(-62135578800000-0500)\/"}},{"Key":{"Item1":"Dividend","Item2":"\/Date(1545886800000-0500)\/"},"Value":{"__type":"Dividend:#Pacmio","AsOfDate":"\/Date(1545886800000-0500)\/","Close_Price":42.12,"DataSource":-2147483638,"DeclarationDate":"\/Date(-62135578800000-0500)\/","Dividend":4.9394,"ExDate":"\/Date(1545886800000-0500)\/","PayDate":"\/Date(-62135578800000-0500)\/","RecordDate":"\/Date(-62135578800000-0500)\/"}},{"Key":{"Item1":"Dividend","Item2":"\/Date(1514350800000-0500)\/"},"Value":{"__type":"Dividend:#Pacmio","AsOfDate":"\/Date(1514350800000-0500)\/","Close_Price":46.43,"DataSource":-2147483638,"DeclarationDate":"\/Date(-62135578800000-0500)\/","Dividend":0.94406,"ExDate":"\/Date(1514350800000-0500)\/","PayDate":"\/Date(-62135578800000-0500)\/","RecordDate":"\/Date(-62135578800000-0500)\/"}},{"Key":{"Item1":"Dividend","Item2":"\/Date(1450933200000-0500)\/"},"Value":{"__type":"Dividend:#Pacmio","AsOfDate":"\/Date(1450933200000-0500)\/","Close_Price":23.29,"DataSource":-2147483638,"DeclarationDate":"\/Date(-62135578800000-0500)\/","Dividend":0.5302,"ExDate":"\/Date(1450933200000-0500)\/","PayDate":"\/Date(-62135578800000-0500)\/","RecordDate":"\/Date(-62135578800000-0500)\/"}}]}