{"ContractKey":{"Item1":"IWM","Item2":1002,"Item3":"STOCK"},"DataLUT":[{"Key":{"Item1":"Dividend","Item2":"\/Date(1607922000000-0500)\/"},"Value":{"__type":"Dividend:#Pacmio","AsOfDate":"\/Date(1607922000000-0500)\/","Close_Price":189.93,"DataSource":-2147483638,"DeclarationDate":"\/Date(-62135578800000-0500)\/","Dividend":0.592476,"ExDate":"\/Date(1607922000000-0500)\/","PayDate":"\/Date(-62135578800000-0500)\/","RecordDate":"\/Date(-62135578800000-0500)\/"}},{"Key":{"Item1":"Dividend","Item2":"\/Date(1600833600000-0400)\/"},"Value":{"__type":"Dividend:#Pacmio","AsOfDate":"\/Date(1600833600000-0400)\/","Close_Price":144.07,"DataSource":-2147483638,"DeclarationDate":"\/Date(-62135578800000-0500)\/","Dividend":0.566445,"ExDate":"\/Date(1600833600000-0400)\/","PayDate":"\/Date(-62135578800000-0500)\/","RecordDate":"\/Date(-62135578800000-0500)\/"}},{"Key":{"Item1":"Dividend","Item2":"\/Date(1592193600000-0400)\/"},"Value":{"__type":"Dividend:#Pacmio","AsOfDate":"\/Date(1592193600000-0400)\/","Close_Price":140.99,"DataSource":-2147483638,"DeclarationDate":"\/Date(-62135578800000-0500)\/","Dividend":0.465775,"ExDate":"\/Date(1592193600000-0400)\/","PayDate":"\/Date(-62135578800000-0500)\/","RecordDate":"\/Date(-62135578800000-0500)\/"}},{"Key":{"Item1":"Dividend","Item2":"\/Date(1585108800000-0400)\/"},"Value":{"__type":"Dividend:#Pacmio","AsOfDate":"\/Date(1585108800000-0400)\/","Close_Price":109.97,"DataSource":-2147483638,"DeclarationDate":"\/Date(-62135578800000-0500)\/","Dividend":0.41988,"ExDate":"\/Date(1585108800000-0400)\/","PayDate":"\/Date(-62135578800000-0500)\/","RecordDate":"\/Date(-62135578800000-0500)\/"}},{"Key":{"Item1":"Dividend","Item2":"\/Date(1576472400000-0500)\/"},"Value":{"__type":"Dividend:#Pacmio","AsOfDate":"\/Date(1576472400000-0500)\/","Close_Price":163.88,"DataSource":-2147483638,"DeclarationDate":"\/Date(-62135578800000-0500)\/","Dividend":0.597343,"ExDate":"\/Date(1576472400000-0500)\/","PayDate":"\/Date(-62135578800000-0500)\/","RecordDate":"\/Date(-62135578800000-0500)\/"}},{"Key":{"Item1":"Dividend","Item2":"\/Date(1569297600000-0400)\/"},"Value":{"__type":"Dividend:#Pacmio","AsOfDate":"\/Date(1569297600000-0400)\/","Close_Price":152.43,"DataSource":-2147483638,"DeclarationDate":"\/Date(-62135578800000-0500)\/","Dividend":0.543712,"ExDate":"\/Date(1569297600000-0400)\/","PayDate":"\/Date(-62135578800000-0500)\/","RecordDate":"\/Date(-62135578800000-0500)\/"}},{"Key":{"Item1":"Dividend","Item2":"\/Date(1560744000000-0400)\/"},"Value":{"__type":"Dividend:#Pacmio","AsOfDate":"\/Date(1560744000000-0400)\/","Close_Price":152.24,"DataSource":-2147483638,"DeclarationDate":"\/Date(-62135578800000-0500)\/","Dividend":0.532987,"ExDate":"\/Date(1560744000000-0400)\/","PayDate":"\/Date(-62135578800000-0500)\/","RecordDate":"\/Date(-62135578800000-0500)\/"}},{"Key":{"Item1":"Dividend","Item2":"\/Date(1553054400000-0400)\/"},"Value":{"__type":"Dividend:#Pacmio","AsOfDate":"\/Date(1553054400000-0400)\/","Close_Price":153.26,"DataSource":-2147483638,"DeclarationDate":"\/Date(-62135578800000-0500)\/","Dividend":0.412056,"ExDate":"\/Date(1553054400000-0400)\/","PayDate":"\/Date(-62135578800000-0500)\/","RecordDate":"\/Date(-62135578800000-0500)\/"}},{"Key":{"Item1":"Dividend","Item2":"\/Date(1545022800000-0500)\/"},"Value":{"__type":"Dividend:#Pacmio","AsOfDate":"\/Date(1545022800000-0500)\/","Close_Price":137.02,"DataSource":-2147483638,"DeclarationDate":"\/Date(-62135578800000-0500)\/","Dividend":0.469335,"ExDate":"\/Date(1545022800000-0500)\/","PayDate":"\/Date(-62135578800000-0500)\/","RecordDate":"\/Date(-62135578800000-0500)\/"}},{"Key":{"Item1":"Dividend","Item2":"\/Date(1537934400000-0400)\/"},"Value":{"__type":"Dividend:#Pacmio","AsOfDate":"\/Date(1537934400000-0400)\/","Close_Price":168.03,"DataSource":-2147483638,"DeclarationDate":"\/Date(-62135578800000-0500)\/","Dividend":0.450367,"ExDate":"\/Date(1537934400000-0400)\/","PayDate":"\/Date(-62135578800000-0500)\/","RecordDate":"\/Date(-62135578800000-0500)\/"}},{"Key":{"Item1":"Dividend","Item2":"\/Date(1530590400000-0400)\/"},"Value":{"__type":"Dividend:#Pacmio","AsOfDate":"\/Date(1530590400000-0400)\/","Close_Price":164.96,"DataSource":-2147483638,"DeclarationDate":"\/Date(-62135578800000-0500)\/","Dividend":0.595,"ExDate":"\/Date(1530590400000-0400)\/","PayDate":"\/Date(-62135578800000-0500)\/","RecordDate":"\/Date(-62135578800000-0500)\/"}},{"Key":{"Item1":"Dividend","Item2":"\/Date(1521691200000-0400)\/"},"Value":{"__type":"Dividend:#Pacmio","AsOfDate":"\/Date(1521691200000-0400)\/","Close_Price":153.35,"DataSource":-2147483638,"DeclarationDate":"\/Date(-62135578800000-0500)\/","Dividend":0.362366,"ExDate":"\/Date(1521691200000-0400)\/","PayDate":"\/Date(-62135578800000-0500)\/","RecordDate":"\/Date(-62135578800000-0500)\/"}},{"Key":{"Item1":"Dividend","Item2":"\/Date(1513832400000-0500)\/"},"Value":{"__type":"Dividend:#Pacmio","AsOfDate":"\/Date(1513832400000-0500)\/","Close_Price":153.47,"DataSource":-2147483638,"DeclarationDate":"\/Date(-62135578800000-0500)\/","Dividend":0.5793,"ExDate":"\/Date(1513832400000-0500)\/","PayDate":"\/Date(-62135578800000-0500)\/","RecordDate":"\/Date(-62135578800000-0500)\/"}},{"Key":{"Item1":"Dividend","Item2":"\/Date(1506398400000-0400)\/"},"Value":{"__type":"Dividend:#Pacmio","AsOfDate":"\/Date(1506398400000-0400)\/","Close_Price":144.61,"DataSource":-2147483638,"DeclarationDate":"\/Date(-62135578800000-0500)\/","Dividend":0.348518,"ExDate":"\/Date(1506398400000-0400)\/","PayDate":"\/Date(-62135578800000-0500)\/","RecordDate":"\/Date(-62135578800000-0500)\/"}},{"Key":{"Item1":"Dividend","Item2":"\/Date(1499313600000-0400)\/"},"Value":{"__type":"Dividend:#Pacmio","AsOfDate":"\/Date(1499313600000-0400)\/","Close_Price":139.14,"DataSource":-2147483638,"DeclarationDate":"\/Date(-62135578800000-0500)\/","Dividend":0.609105,"ExDate":"\/Date(1499313600000-0400)\/","PayDate":"\/Date(-62135578800000-0500)\/","RecordDate":"\/Date(-62135578800000-0500)\/"}},{"Key":{"Item1":"Dividend","Item2":"\/Date(1490328000000-0400)\/"},"Value":{"__type":"Dividend:#Pacmio","AsOfDate":"\/Date(1490328000000-0400)\/","Close_Price":134.49,"DataSource":-2147483638,"DeclarationDate":"\/Date(-62135578800000-0500)\/","Dividend":0.386774,"ExDate":"\/Date(1490328000000-0400)\/","PayDate":"\/Date(-62135578800000-0500)\/","RecordDate":"\/Date(-62135578800000-0500)\/"}},{"Key":{"Item1":"Dividend","Item2":"\/Date(1482382800000-0500)\/"},"Value":{"__type":"Dividend:#Pacmio","AsOfDate":"\/Date(1482382800000-0500)\/","Close_Price":135.32,"DataSource":-2147483638,"DeclarationDate":"\/Date(-62135578800000-0500)\/","Dividend":0.562956,"ExDate":"\/Date(1482382800000-0500)\/","PayDate":"\/Date(-62135578800000-0500)\/","RecordDate":"\/Date(-62135578800000-0500)\/"}},{"Key":{"Item1":"Dividend","Item2":"\/Date(1474862400000-0400)\/"},"Value":{"__type":"Dividend:#Pacmio","AsOfDate":"\/Date(1474862400000-0400)\/","Close_Price":123.23,"DataSource":-2147483638,"DeclarationDate":"\/Date(-62135578800000-0500)\/","Dividend":0.34425,"ExDate":"\/Date(1474862400000-0400)\/","PayDate":"\/Date(-62135578800000-0500)\/","RecordDate":"\/Date(-62135578800000-0500)\/"}},{"Key":{"Item1":"Dividend","Item2":"\/Date(1467777600000-0400)\/"},"Value":{"__type":"Dividend:#Pacmio","AsOfDate":"\/Date(1467777600000-0400)\/","Close_Price":113.89,"DataSource":-2147483638,"DeclarationDate":"\/Date(-62135578800000-0500)\/","Dividend":0.620541,"ExDate":"\/Date(1467777600000-0400)\/","PayDate":"\/Date(-62135578800000-0500)\/","RecordDate":"\/Date(-62135578800000-0500)\/"}},{"Key":{"Item1":"Dividend","Item2":"\/Date(1458705600000-0400)\/"},"Value":{"__type":"Dividend:#Pacmio","AsOfDate":"\/Date(1458705600000-0400)\/","Close_Price":106.88,"DataSource":-2147483638,"DeclarationDate":"\/Date(-62135578800000-0500)\/","Dividend":0.326642,"ExDate":"\/Date(1458705600000-0400)\/","PayDate":"\/Date(-62135578800000-0500)\/","RecordDate":"\/Date(-62135578800000-0500)\/"}},{"Key":{"Item1":"Dividend","Item2":"\/Date(1450933200000-0500)\/"},"Value":{"__type":"Dividend:#Pacmio","AsOfDate":"\/Date(1450933200000-0500)\/","Close_Price":114.5,"DataSource":-2147483638,"DeclarationDate":"\/Date(-62135578800000-0500)\/","Dividend":0.495829,"ExDate":"\/Date(1450933200000-0500)\/","PayDate":"\/Date(-62135578800000-0500)\/","RecordDate":"\/Date(-62135578800000-0500)\/"}},{"Key":{"Item1":"Dividend","Item2":"\/Date(1443153600000-0400)\/"},"Value":{"__type":"Dividend:#Pacmio","AsOfDate":"\/Date(1443153600000-0400)\/","Close_Price":111.42,"DataSource":-2147483638,"DeclarationDate":"\/Date(-62135578800000-0500)\/","Dividend":0.324229,"ExDate":"\/Date(1443153600000-0400)\/","PayDate":"\/Date(-62135578800000-0500)\/","RecordDate":"\/Date(-62135578800000-0500)\/"}},{"Key":{"Item1":"Dividend","Item2":"\/Date(1435809600000-0400)\/"},"Value":{"__type":"Dividend:#Pacmio","AsOfDate":"\/Date(1435809600000-0400)\/","Close_Price":123.78,"DataSource":-2147483638,"DeclarationDate":"\/Date(-62135578800000-0500)\/","Dividend":0.52917,"ExDate":"\/Date(1435809600000-0400)\/","PayDate":"\/Date(-62135578800000-0500)\/","RecordDate":"\/Date(-62135578800000-0500)\/"}},{"Key":{"Item1":"Dividend","Item2":"\/Date(1427256000000-0400)\/"},"Value":{"__type":"Dividend:#Pacmio","AsOfDate":"\/Date(1427256000000-0400)\/","Close_Price":122.47,"DataSource":-2147483638,"DeclarationDate":"\/Date(-62135578800000-0500)\/","Dividend":0.38318,"ExDate":"\/Date(1427256000000-0400)\/","PayDate":"\/Date(-62135578800000-0500)\/","RecordDate":"\/Date(-62135578800000-0500)\/"}},{"Key":{"Item1":"Dividend","Item2":"\/Date(1419397200000-0500)\/"},"Value":{"__type":"Dividend:#Pacmio","AsOfDate":"\/Date(1419397200000-0500)\/","Close_Price":119.76,"DataSource":-2147483638,"DeclarationDate":"\/Date(-62135578800000-0500)\/","Dividend":0.44501,"ExDate":"\/Date(1419397200000-0500)\/","PayDate":"\/Date(-62135578800000-0500)\/","RecordDate":"\/Date(-62135578800000-0500)\/"}},{"Key":{"Item1":"Dividend","Item2":"\/Date(1411531200000-0400)\/"},"Value":{"__type":"Dividend:#Pacmio","AsOfDate":"\/Date(1411531200000-0400)\/","Close_Price":112.02,"DataSource":-2147483638,"DeclarationDate":"\/Date(-62135578800000-0500)\/","Dividend":0.304608,"ExDate":"\/Date(1411531200000-0400)\/","PayDate":"\/Date(-62135578800000-0500)\/","RecordDate":"\/Date(-62135578800000-0500)\/"}},{"Key":{"Item1":"Dividend","Item2":"\/Date(1404273600000-0400)\/"},"Value":{"__type":"Dividend:#Pacmio","AsOfDate":"\/Date(1404273600000-0400)\/","Close_Price":119.1,"DataSource":-2147483638,"DeclarationDate":"\/Date(-62135578800000-0500)\/","Dividend":0.459278,"ExDate":"\/Date(1404273600000-0400)\/","PayDate":"\/Date(-62135578800000-0500)\/","RecordDate":"\/Date(-62135578800000-0500)\/"}},{"Key":{"Item1":"Dividend","Item2":"\/Date(1395720000000-0400)\/"},"Value":{"__type":"Dividend:#Pacmio","AsOfDate":"\/Date(1395720000000-0400)\/","Close_Price":116.93,"DataSource":-2147483638,"DeclarationDate":"\/Date(-62135578800000-0500)\/","Dividend":0.302091,"ExDate":"\/Date(1395720000000-0400)\/","PayDate":"\/Date(-62135578800000-0500)\/","RecordDate":"\/Date(-62135578800000-0500)\/"}},{"Key":{"Item1":"Dividend","Item2":"\/Date(1387774800000-0500)\/"},"Value":{"__type":"Dividend:#Pacmio","AsOfDate":"\/Date(1387774800000-0500)\/","Close_Price":114.78,"DataSource":-2147483638,"DeclarationDate":"\/Date(-62135578800000-0500)\/","Dividend":0.436734,"ExDate":"\/Date(1387774800000-0500)\/","PayDate":"\/Date(-62135578800000-0500)\/","RecordDate":"\/Date(-62135578800000-0500)\/"}},{"Key":{"Item1":"Dividend","Item2":"\/Date(1379995200000-0400)\/"},"Value":{"__type":"Dividend:#Pacmio","AsOfDate":"\/Date(1379995200000-0400)\/","Close_Price":106.67,"DataSource":-2147483638,"DeclarationDate":"\/Date(-62135578800000-0500)\/","Dividend":0.283384,"ExDate":"\/Date(1379995200000-0400)\/","PayDate":"\/Date(-62135578800000-0500)\/","RecordDate":"\/Date(-62135578800000-0500)\/"}},{"Key":{"Item1":"Dividend","Item2":"\/Date(1372737600000-0400)\/"},"Value":{"__type":"Dividend:#Pacmio","AsOfDate":"\/Date(1372737600000-0400)\/","Close_Price":98.08,"DataSource":-2147483638,"DeclarationDate":"\/Date(-62135578800000-0500)\/","Dividend":0.430151,"ExDate":"\/Date(1372737600000-0400)\/","PayDate":"\/Date(-62135578800000-0500)\/","RecordDate":"\/Date(-62135578800000-0500)\/"}},{"Key":{"Item1":"Dividend","Item2":"\/Date(1364184000000-0400)\/"},"Value":{"__type":"Dividend:#Pacmio","AsOfDate":"\/Date(1364184000000-0400)\/","Close_Price":93.95,"DataSource":-2147483638,"DeclarationDate":"\/Date(-62135578800000-0500)\/","Dividend":0.264,"ExDate":"\/Date(1364184000000-0400)\/","PayDate":"\/Date(-62135578800000-0500)\/","RecordDate":"\/Date(-62135578800000-0500)\/"}},{"Key":{"Item1":"Dividend","Item2":"\/Date(1355893200000-0500)\/"},"Value":{"__type":"Dividend:#Pacmio","AsOfDate":"\/Date(1355893200000-0500)\/","Close_Price":84.12,"DataSource":-2147483638,"DeclarationDate":"\/Date(-62135578800000-0500)\/","Dividend":0.726609,"ExDate":"\/Date(1355893200000-0500)\/","PayDate":"\/Date(-62135578800000-0500)\/","RecordDate":"\/Date(-62135578800000-0500)\/"}},{"Key":{"Item1":"Dividend","Item2":"\/Date(1348459200000-0400)\/"},"Value":{"__type":"Dividend:#Pacmio","AsOfDate":"\/Date(1348459200000-0400)\/","Close_Price":84.89,"DataSource":-2147483638,"DeclarationDate":"\/Date(-62135578800000-0500)\/","Dividend":0.331634,"ExDate":"\/Date(1348459200000-0400)\/","PayDate":"\/Date(-62135578800000-0500)\/","RecordDate":"\/Date(-62135578800000-0500)\/"}},{"Key":{"Item1":"Dividend","Item2":"\/Date(1340683200000-0400)\/"},"Value":{"__type":"Dividend:#Pacmio","AsOfDate":"\/Date(1340683200000-0400)\/","Close_Price":76.2,"DataSource":-2147483638,"DeclarationDate":"\/Date(-62135578800000-0500)\/","Dividend":0.377165,"ExDate":"\/Date(1340683200000-0400)\/","PayDate":"\/Date(-62135578800000-0500)\/","RecordDate":"\/Date(-62135578800000-0500)\/"}},{"Key":{"Item1":"Dividend","Item2":"\/Date(1332475200000-0400)\/"},"Value":{"__type":"Dividend:#Pacmio","AsOfDate":"\/Date(1332475200000-0400)\/","Close_Price":82.68,"DataSource":-2147483638,"DeclarationDate":"\/Date(-62135578800000-0500)\/","Dividend":0.251347,"ExDate":"\/Date(1332475200000-0400)\/","PayDate":"\/Date(-62135578800000-0500)\/","RecordDate":"\/Date(-62135578800000-0500)\/"}},{"Key":{"Item1":"Dividend","Item2":"\/Date(1324530000000-0500)\/"},"Value":{"__type":"Dividend:#Pacmio","AsOfDate":"\/Date(1324530000000-0500)\/","Close_Price":74.27,"DataSource":-2147483638,"DeclarationDate":"\/Date(-62135578800000-0500)\/","Dividend":0.359546,"ExDate":"\/Date(1324530000000-0500)\/","PayDate":"\/Date(-62135578800000-0500)\/","RecordDate":"\/Date(-62135578800000-0500)\/"}},{"Key":{"Item1":"Dividend","Item2":"\/Date(1316750400000-0400)\/"},"Value":{"__type":"Dividend:#Pacmio","AsOfDate":"\/Date(1316750400000-0400)\/","Close_Price":65.14,"DataSource":-2147483638,"DeclarationDate":"\/Date(-62135578800000-0500)\/","Dividend":0.249838,"ExDate":"\/Date(1316750400000-0400)\/","PayDate":"\/Date(-62135578800000-0500)\/","RecordDate":"\/Date(-62135578800000-0500)\/"}},{"Key":{"Item1":"Dividend","Item2":"\/Date(1309838400000-0400)\/"},"Value":{"__type":"Dividend:#Pacmio","AsOfDate":"\/Date(1309838400000-0400)\/","Close_Price":84.04,"DataSource":-2147483638,"DeclarationDate":"\/Date(-62135578800000-0500)\/","Dividend":0.25183,"ExDate":"\/Date(1309838400000-0400)\/","PayDate":"\/Date(-62135578800000-0500)\/","RecordDate":"\/Date(-62135578800000-0500)\/"}},{"Key":{"Item1":"Dividend","Item2":"\/Date(1300939200000-0400)\/"},"Value":{"__type":"Dividend:#Pacmio","AsOfDate":"\/Date(1300939200000-0400)\/","Close_Price":81.51,"DataSource":-2147483638,"DeclarationDate":"\/Date(-62135578800000-0500)\/","Dividend":0.168933,"ExDate":"\/Date(1300939200000-0400)\/","PayDate":"\/Date(-62135578800000-0500)\/","RecordDate":"\/Date(-62135578800000-0500)\/"}},{"Key":{"Item1":"Dividend","Item2":"\/Date(1292994000000-0500)\/"},"Value":{"__type":"Dividend:#Pacmio","AsOfDate":"\/Date(1292994000000-0500)\/","Close_Price":78.82,"DataSource":-2147483638,"DeclarationDate":"\/Date(-62135578800000-0500)\/","Dividend":0.35699,"ExDate":"\/Date(1292994000000-0500)\/","PayDate":"\/Date(-62135578800000-0500)\/","RecordDate":"\/Date(-62135578800000-0500)\/"}},{"Key":{"Item1":"Dividend","Item2":"\/Date(1285214400000-0400)\/"},"Value":{"__type":"Dividend:#Pacmio","AsOfDate":"\/Date(1285214400000-0400)\/","Close_Price":64.88,"DataSource":-2147483638,"DeclarationDate":"\/Date(-62135578800000-0500)\/","Dividend":0.16533,"ExDate":"\/Date(1285214400000-0400)\/","PayDate":"\/Date(-62135578800000-0500)\/","RecordDate":"\/Date(-62135578800000-0500)\/"}},{"Key":{"Item1":"Dividend","Item2":"\/Date(1278043200000-0400)\/"},"Value":{"__type":"Dividend:#Pacmio","AsOfDate":"\/Date(1278043200000-0400)\/","Close_Price":59.82,"DataSource":-2147483638,"DeclarationDate":"\/Date(-62135578800000-0500)\/","Dividend":0.1993,"ExDate":"\/Date(1278043200000-0400)\/","PayDate":"\/Date(-62135578800000-0500)\/","RecordDate":"\/Date(-62135578800000-0500)\/"}},{"Key":{"Item1":"Dividend","Item2":"\/Date(1269403200000-0400)\/"},"Value":{"__type":"Dividend:#Pacmio","AsOfDate":"\/Date(1269403200000-0400)\/","Close_Price":68.27,"DataSource":-2147483638,"DeclarationDate":"\/Date(-62135578800000-0500)\/","Dividend":0.171814,"ExDate":"\/Date(1269403200000-0400)\/","PayDate":"\/Date(-62135578800000-0500)\/","RecordDate":"\/Date(-62135578800000-0500)\/"}},{"Key":{"Item1":"Dividend","Item2":"\/Date(1261544400000-0500)\/"},"Value":{"__type":"Dividend:#Pacmio","AsOfDate":"\/Date(1261544400000-0500)\/","Close_Price":63.12,"DataSource":-2147483638,"DeclarationDate":"\/Date(-62135578800000-0500)\/","Dividend":0.25316,"ExDate":"\/Date(1261544400000-0500)\/","PayDate":"\/Date(-62135578800000-0500)\/","RecordDate":"\/Date(-62135578800000-0500)\/"}},{"Key":{"Item1":"Dividend","Item2":"\/Date(1253592000000-0400)\/"},"Value":{"__type":"Dividend:#Pacmio","AsOfDate":"\/Date(1253592000000-0400)\/","Close_Price":62.02,"DataSource":-2147483638,"DeclarationDate":"\/Date(-62135578800000-0500)\/","Dividend":0.14533,"ExDate":"\/Date(1253592000000-0400)\/","PayDate":"\/Date(-62135578800000-0500)\/","RecordDate":"\/Date(-62135578800000-0500)\/"}},{"Key":{"Item1":"Dividend","Item2":"\/Date(1246507200000-0400)\/"},"Value":{"__type":"Dividend:#Pacmio","AsOfDate":"\/Date(1246507200000-0400)\/","Close_Price":49.91,"DataSource":-2147483638,"DeclarationDate":"\/Date(-62135578800000-0500)\/","Dividend":0.1807,"ExDate":"\/Date(1246507200000-0400)\/","PayDate":"\/Date(-62135578800000-0500)\/","RecordDate":"\/Date(-62135578800000-0500)\/"}},{"Key":{"Item1":"Dividend","Item2":"\/Date(1237867200000-0400)\/"},"Value":{"__type":"Dividend:#Pacmio","AsOfDate":"\/Date(1237867200000-0400)\/","Close_Price":41.71,"DataSource":-2147483638,"DeclarationDate":"\/Date(-62135578800000-0500)\/","Dividend":0.14052,"ExDate":"\/Date(1237867200000-0400)\/","PayDate":"\/Date(-62135578800000-0500)\/","RecordDate":"\/Date(-62135578800000-0500)\/"}},{"Key":{"Item1":"Dividend","Item2":"\/Date(1230008400000-0500)\/"},"Value":{"__type":"Dividend:#Pacmio","AsOfDate":"\/Date(1230008400000-0500)\/","Close_Price":46.71,"DataSource":-2147483638,"DeclarationDate":"\/Date(-62135578800000-0500)\/","Dividend":0.36097,"ExDate":"\/Date(1230008400000-0500)\/","PayDate":"\/Date(-62135578800000-0500)\/","RecordDate":"\/Date(-62135578800000-0500)\/"}},{"Key":{"Item1":"Dividend","Item2":"\/Date(1222228800000-0400)\/"},"Value":{"__type":"Dividend:#Pacmio","AsOfDate":"\/Date(1222228800000-0400)\/","Close_Price":69.94,"DataSource":-2147483638,"DeclarationDate":"\/Date(-62135578800000-0500)\/","Dividend":0.149784,"ExDate":"\/Date(1222228800000-0400)\/","PayDate":"\/Date(-62135578800000-0500)\/","RecordDate":"\/Date(-62135578800000-0500)\/"}},{"Key":{"Item1":"Dividend","Item2":"\/Date(1214971200000-0400)\/"},"Value":{"__type":"Dividend:#Pacmio","AsOfDate":"\/Date(1214971200000-0400)\/","Close_Price":66.91,"DataSource":-2147483638,"DeclarationDate":"\/Date(-62135578800000-0500)\/","Dividend":0.25686,"ExDate":"\/Date(1214971200000-0400)\/","PayDate":"\/Date(-62135578800000-0500)\/","RecordDate":"\/Date(-62135578800000-0500)\/"}},{"Key":{"Item1":"Dividend","Item2":"\/Date(1206331200000-0400)\/"},"Value":{"__type":"Dividend:#Pacmio","AsOfDate":"\/Date(1206331200000-0400)\/","Close_Price":69.99,"DataSource":-2147483638,"DeclarationDate":"\/Date(-62135578800000-0500)\/","Dividend":0.11043,"ExDate":"\/Date(1206331200000-0400)\/","PayDate":"\/Date(-62135578800000-0500)\/","RecordDate":"\/Date(-62135578800000-0500)\/"}},{"Key":{"Item1":"Dividend","Item2":"\/Date(1198731600000-0500)\/"},"Value":{"__type":"Dividend:#Pacmio","AsOfDate":"\/Date(1198731600000-0500)\/","Close_Price":77.39,"DataSource":-2147483638,"DeclarationDate":"\/Date(-62135578800000-0500)\/","Dividend":0.26723,"ExDate":"\/Date(1198731600000-0500)\/","PayDate":"\/Date(-62135578800000-0500)\/","RecordDate":"\/Date(-62135578800000-0500)\/"}},{"Key":{"Item1":"Dividend","Item2":"\/Date(1190692800000-0400)\/"},"Value":{"__type":"Dividend:#Pacmio","AsOfDate":"\/Date(1190692800000-0400)\/","Close_Price":79.82,"DataSource":-2147483638,"DeclarationDate":"\/Date(-62135578800000-0500)\/","Dividend":0.19498,"ExDate":"\/Date(1190692800000-0400)\/","PayDate":"\/Date(-62135578800000-0500)\/","RecordDate":"\/Date(-62135578800000-0500)\/"}},{"Key":{"Item1":"Dividend","Item2":"\/Date(1183003200000-0400)\/"},"Value":{"__type":"Dividend:#Pacmio","AsOfDate":"\/Date(1183003200000-0400)\/","Close_Price":83.42,"DataSource":-2147483638,"DeclarationDate":"\/Date(-62135578800000-0500)\/","Dividend":0.15899,"ExDate":"\/Date(1183003200000-0400)\/","PayDate":"\/Date(-62135578800000-0500)\/","RecordDate":"\/Date(-62135578800000-0500)\/"}},{"Key":{"Item1":"Dividend","Item2":"\/Date(1174622400000-0400)\/"},"Value":{"__type":"Dividend:#Pacmio","AsOfDate":"\/Date(1174622400000-0400)\/","Close_Price":80.24,"DataSource":-2147483638,"DeclarationDate":"\/Date(-62135578800000-0500)\/","Dividend":0.15352,"ExDate":"\/Date(1174622400000-0400)\/","PayDate":"\/Date(-62135578800000-0500)\/","RecordDate":"\/Date(-62135578800000-0500)\/"}},{"Key":{"Item1":"Dividend","Item2":"\/Date(1166590800000-0500)\/"},"Value":{"__type":"Dividend:#Pacmio","AsOfDate":"\/Date(1166590800000-0500)\/","Close_Price":77.98,"DataSource":-2147483638,"DeclarationDate":"\/Date(-62135578800000-0500)\/","Dividend":0.32922,"ExDate":"\/Date(1166590800000-0500)\/","PayDate":"\/Date(-62135578800000-0500)\/","RecordDate":"\/Date(-62135578800000-0500)\/"}},{"Key":{"Item1":"Dividend","Item2":"\/Date(1159243200000-0400)\/"},"Value":{"__type":"Dividend:#Pacmio","AsOfDate":"\/Date(1159243200000-0400)\/","Close_Price":72.39,"DataSource":-2147483638,"DeclarationDate":"\/Date(-62135578800000-0500)\/","Dividend":0.231031,"ExDate":"\/Date(1159243200000-0400)\/","PayDate":"\/Date(-62135578800000-0500)\/","RecordDate":"\/Date(-62135578800000-0500)\/"}},{"Key":{"Item1":"Dividend","Item2":"\/Date(1150948800000-0400)\/"},"Value":{"__type":"Dividend:#Pacmio","AsOfDate":"\/Date(1150948800000-0400)\/","Close_Price":68.24,"DataSource":-2147483638,"DeclarationDate":"\/Date(-62135578800000-0500)\/","Dividend":0.10518,"ExDate":"\/Date(1150948800000-0400)\/","PayDate":"\/Date(-62135578800000-0500)\/","RecordDate":"\/Date(-62135578800000-0500)\/"}},{"Key":{"Item1":"Dividend","Item2":"\/Date(1143176400000-0500)\/"},"Value":{"__type":"Dividend:#Pacmio","AsOfDate":"\/Date(1143176400000-0500)\/","Close_Price":74.9,"DataSource":-2147483638,"DeclarationDate":"\/Date(-62135578800000-0500)\/","Dividend":0.168674,"ExDate":"\/Date(1143176400000-0500)\/","PayDate":"\/Date(-62135578800000-0500)\/","RecordDate":"\/Date(-62135578800000-0500)\/"}},{"Key":{"Item1":"Dividend","Item2":"\/Date(1135227600000-0500)\/"},"Value":{"__type":"Dividend:#Pacmio","AsOfDate":"\/Date(1135227600000-0500)\/","Close_Price":67.97,"DataSource":-2147483638,"DeclarationDate":"\/Date(-62135578800000-0500)\/","Dividend":0.26094,"ExDate":"\/Date(1135227600000-0500)\/","PayDate":"\/Date(-62135578800000-0500)\/","RecordDate":"\/Date(-62135578800000-0500)\/"}},{"Key":{"Item1":"Dividend","Item2":"\/Date(1127448000000-0400)\/"},"Value":{"__type":"Dividend:#Pacmio","AsOfDate":"\/Date(1127448000000-0400)\/","Close_Price":65.18,"DataSource":-2147483638,"DeclarationDate":"\/Date(-62135578800000-0500)\/","Dividend":0.197739,"ExDate":"\/Date(1127448000000-0400)\/","PayDate":"\/Date(-62135578800000-0500)\/","RecordDate":"\/Date(-62135578800000-0500)\/"}},{"Key":{"Item1":"Dividend","Item2":"\/Date(1119240000000-0400)\/"},"Value":{"__type":"Dividend:#Pacmio","AsOfDate":"\/Date(1119240000000-0400)\/","Close_Price":63.68,"DataSource":-2147483638,"DeclarationDate":"\/Date(-62135578800000-0500)\/","Dividend":0.14641,"ExDate":"\/Date(1119240000000-0400)\/","PayDate":"\/Date(-62135578800000-0500)\/","RecordDate":"\/Date(-62135578800000-0500)\/"}},{"Key":{"Item1":"Split","Item2":"\/Date(1118289600000-0400)\/"},"Value":{"__type":"Split:#Pacmio","AsOfDate":"\/Date(1118289600000-0400)\/","Close_Price":62.32,"DataSource":-2147483638,"Split":2}},{"Key":{"Item1":"Dividend","Item2":"\/Date(1111640400000-0500)\/"},"Value":{"__type":"Dividend:#Pacmio","AsOfDate":"\/Date(1111640400000-0500)\/","Close_Price":122.1,"DataSource":-2147483638,"DeclarationDate":"\/Date(-62135578800000-0500)\/","Dividend":0.548,"ExDate":"\/Date(1111640400000-0500)\/","PayDate":"\/Date(-62135578800000-0500)\/","RecordDate":"\/Date(-62135578800000-0500)\/"}},{"Key":{"Item1":"Dividend","Item2":"\/Date(1103778000000-0500)\/"},"Value":{"__type":"Dividend:#Pacmio","AsOfDate":"\/Date(1103778000000-0500)\/","Close_Price":129.18,"DataSource":-2147483638,"DeclarationDate":"\/Date(-62135578800000-0500)\/","Dividend":0.411,"ExDate":"\/Date(1103778000000-0500)\/","PayDate":"\/Date(-62135578800000-0500)\/","RecordDate":"\/Date(-62135578800000-0500)\/"}},{"Key":{"Item1":"Dividend","Item2":"\/Date(1095998400000-0400)\/"},"Value":{"__type":"Dividend:#Pacmio","AsOfDate":"\/Date(1095998400000-0400)\/","Close_Price":112.67,"DataSource":-2147483638,"DeclarationDate":"\/Date(-62135578800000-0500)\/","Dividend":0.265,"ExDate":"\/Date(1095998400000-0400)\/","PayDate":"\/Date(-62135578800000-0500)\/","RecordDate":"\/Date(-62135578800000-0500)\/"}},{"Key":{"Item1":"Dividend","Item2":"\/Date(1088136000000-0400)\/"},"Value":{"__type":"Dividend:#Pacmio","AsOfDate":"\/Date(1088136000000-0400)\/","Close_Price":116.6,"DataSource":-2147483638,"DeclarationDate":"\/Date(-62135578800000-0500)\/","Dividend":0.305,"ExDate":"\/Date(1088136000000-0400)\/","PayDate":"\/Date(-62135578800000-0500)\/","RecordDate":"\/Date(-62135578800000-0500)\/"}},{"Key":{"Item1":"Dividend","Item2":"\/Date(1080277200000-0500)\/"},"Value":{"__type":"Dividend:#Pacmio","AsOfDate":"\/Date(1080277200000-0500)\/","Close_Price":114.2,"DataSource":-2147483638,"DeclarationDate":"\/Date(-62135578800000-0500)\/","Dividend":0.2089,"ExDate":"\/Date(1080277200000-0500)\/","PayDate":"\/Date(-62135578800000-0500)\/","RecordDate":"\/Date(-62135578800000-0500)\/"}},{"Key":{"Item1":"Dividend","Item2":"\/Date(1071205200000-0500)\/"},"Value":{"__type":"Dividend:#Pacmio","AsOfDate":"\/Date(1071205200000-0500)\/","Close_Price":108.96,"DataSource":-2147483638,"DeclarationDate":"\/Date(-62135578800000-0500)\/","Dividend":0.375,"ExDate":"\/Date(1071205200000-0500)\/","PayDate":"\/Date(-62135578800000-0500)\/","RecordDate":"\/Date(-62135578800000-0500)\/"}},{"Key":{"Item1":"Dividend","Item2":"\/Date(1063339200000-0400)\/"},"Value":{"__type":"Dividend:#Pacmio","AsOfDate":"\/Date(1063339200000-0400)\/","Close_Price":101.41,"DataSource":-2147483638,"DeclarationDate":"\/Date(-62135578800000-0500)\/","Dividend":0.237,"ExDate":"\/Date(1063339200000-0400)\/","PayDate":"\/Date(-62135578800000-0500)\/","RecordDate":"\/Date(-62135578800000-0500)\/"}},{"Key":{"Item1":"Dividend","Item2":"\/Date(1055476800000-0400)\/"},"Value":{"__type":"Dividend:#Pacmio","AsOfDate":"\/Date(1055476800000-0400)\/","Close_Price":89.64,"DataSource":-2147483638,"DeclarationDate":"\/Date(-62135578800000-0500)\/","Dividend":0.149551,"ExDate":"\/Date(1055476800000-0400)\/","PayDate":"\/Date(-62135578800000-0500)\/","RecordDate":"\/Date(-62135578800000-0500)\/"}},{"Key":{"Item1":"Dividend","Item2":"\/Date(1047013200000-0500)\/"},"Value":{"__type":"Dividend:#Pacmio","AsOfDate":"\/Date(1047013200000-0500)\/","Close_Price":70.45,"DataSource":-2147483638,"DeclarationDate":"\/Date(-62135578800000-0500)\/","Dividend":0.16,"ExDate":"\/Date(1047013200000-0500)\/","PayDate":"\/Date(-62135578800000-0500)\/","RecordDate":"\/Date(-62135578800000-0500)\/"}},{"Key":{"Item1":"Dividend","Item2":"\/Date(1039755600000-0500)\/"},"Value":{"__type":"Dividend:#Pacmio","AsOfDate":"\/Date(1039755600000-0500)\/","Close_Price":77.05,"DataSource":-2147483638,"DeclarationDate":"\/Date(-62135578800000-0500)\/","Dividend":0.381,"ExDate":"\/Date(1039755600000-0500)\/","PayDate":"\/Date(-62135578800000-0500)\/","RecordDate":"\/Date(-62135578800000-0500)\/"}},{"Key":{"Item1":"Dividend","Item2":"\/Date(1031889600000-0400)\/"},"Value":{"__type":"Dividend:#Pacmio","AsOfDate":"\/Date(1031889600000-0400)\/","Close_Price":77.7,"DataSource":-2147483638,"DeclarationDate":"\/Date(-62135578800000-0500)\/","Dividend":0.255927,"ExDate":"\/Date(1031889600000-0400)\/","PayDate":"\/Date(-62135578800000-0500)\/","RecordDate":"\/Date(-62135578800000-0500)\/"}},{"Key":{"Item1":"Dividend","Item2":"\/Date(1024027200000-0400)\/"},"Value":{"__type":"Dividend:#Pacmio","AsOfDate":"\/Date(1024027200000-0400)\/","Close_Price":91.5,"DataSource":-2147483638,"DeclarationDate":"\/Date(-62135578800000-0500)\/","Dividend":0.241366,"ExDate":"\/Date(1024027200000-0400)\/","PayDate":"\/Date(-62135578800000-0500)\/","RecordDate":"\/Date(-62135578800000-0500)\/"}},{"Key":{"Item1":"Dividend","Item2":"\/Date(1015563600000-0500)\/"},"Value":{"__type":"Dividend:#Pacmio","AsOfDate":"\/Date(1015563600000-0500)\/","Close_Price":99.38,"DataSource":-2147483638,"DeclarationDate":"\/Date(-62135578800000-0500)\/","Dividend":0.115012,"ExDate":"\/Date(1015563600000-0500)\/","PayDate":"\/Date(-62135578800000-0500)\/","RecordDate":"\/Date(-62135578800000-0500)\/"}},{"Key":{"Item1":"Dividend","Item2":"\/Date(1008306000000-0500)\/"},"Value":{"__type":"Dividend:#Pacmio","AsOfDate":"\/Date(1008306000000-0500)\/","Close_Price":93.9,"DataSource":-2147483638,"DeclarationDate":"\/Date(-62135578800000-0500)\/","Dividend":0.269979,"ExDate":"\/Date(1008306000000-0500)\/","PayDate":"\/Date(-62135578800000-0500)\/","RecordDate":"\/Date(-62135578800000-0500)\/"}},{"Key":{"Item1":"Dividend","Item2":"\/Date(1001908800000-0400)\/"},"Value":{"__type":"Dividend:#Pacmio","AsOfDate":"\/Date(1001908800000-0400)\/","Close_Price":79.5,"DataSource":-2147483638,"DeclarationDate":"\/Date(-62135578800000-0500)\/","Dividend":0.29391,"ExDate":"\/Date(1001908800000-0400)\/","PayDate":"\/Date(-62135578800000-0500)\/","RecordDate":"\/Date(-62135578800000-0500)\/"}},{"Key":{"Item1":"Dividend","Item2":"\/Date(991972800000-0400)\/"},"Value":{"__type":"Dividend:#Pacmio","AsOfDate":"\/Date(991972800000-0400)\/","Close_Price":101.9,"DataSource":-2147483638,"DeclarationDate":"\/Date(-62135578800000-0500)\/","Dividend":0.28421,"ExDate":"\/Date(991972800000-0400)\/","PayDate":"\/Date(-62135578800000-0500)\/","RecordDate":"\/Date(-62135578800000-0500)\/"}},{"Key":{"Item1":"Dividend","Item2":"\/Date(984114000000-0500)\/"},"Value":{"__type":"Dividend:#Pacmio","AsOfDate":"\/Date(984114000000-0500)\/","Close_Price":93.91,"DataSource":-2147483638,"DeclarationDate":"\/Date(-62135578800000-0500)\/","Dividend":0.19392,"ExDate":"\/Date(984114000000-0500)\/","PayDate":"\/Date(-62135578800000-0500)\/","RecordDate":"\/Date(-62135578800000-0500)\/"}},{"Key":{"Item1":"Dividend","Item2":"\/Date(976683600000-0500)\/"},"Value":{"__type":"Dividend:#Pacmio","AsOfDate":"\/Date(976683600000-0500)\/","Close_Price":93.23,"DataSource":-2147483638,"DeclarationDate":"\/Date(-62135578800000-0500)\/","Dividend":0.508014,"ExDate":"\/Date(976683600000-0500)\/","PayDate":"\/Date(-62135578800000-0500)\/","RecordDate":"\/Date(-62135578800000-0500)\/"}},{"Key":{"Item1":"Dividend","Item2":"\/Date(969422400000-0400)\/"},"Value":{"__type":"Dividend:#Pacmio","AsOfDate":"\/Date(969422400000-0400)\/","Close_Price":103.8,"DataSource":-2147483638,"DeclarationDate":"\/Date(-62135578800000-0500)\/","Dividend":0.35577,"ExDate":"\/Date(969422400000-0400)\/","PayDate":"\/Date(-62135578800000-0500)\/","RecordDate":"\/Date(-62135578800000-0500)\/"}},{"Key":{"Item1":"Dividend","Item2":"\/Date(961560000000-0400)\/"},"Value":{"__type":"Dividend:#Pacmio","AsOfDate":"\/Date(961560000000-0400)\/","Close_Price":105.7,"DataSource":-2147483638,"DeclarationDate":"\/Date(-62135578800000-0500)\/","Dividend":0.05991,"ExDate":"\/Date(961560000000-0400)\/","PayDate":"\/Date(-62135578800000-0500)\/","RecordDate":"\/Date(-62135578800000-0500)\/"}}]}