{"ContractKey":{"Item1":"LABU","Item2":1002,"Item3":"STOCK"},"DataLUT":[{"Key":{"Item1":"Dividend","Item2":"\/Date(1577077200000-0500)\/"},"Value":{"__type":"Dividend:#Pacmio","AsOfDate":"\/Date(1577077200000-0500)\/","Close_Price":62.27,"DataSource":-2147483638,"DeclarationDate":"\/Date(-62135578800000-0500)\/","Dividend":0.00531,"ExDate":"\/Date(1577077200000-0500)\/","PayDate":"\/Date(-62135578800000-0500)\/","RecordDate":"\/Date(-62135578800000-0500)\/"}},{"Key":{"Item1":"Dividend","Item2":"\/Date(1569297600000-0400)\/"},"Value":{"__type":"Dividend:#Pacmio","AsOfDate":"\/Date(1569297600000-0400)\/","Close_Price":35.49,"DataSource":-2147483638,"DeclarationDate":"\/Date(-62135578800000-0500)\/","Dividend":0.01084,"ExDate":"\/Date(1569297600000-0400)\/","PayDate":"\/Date(-62135578800000-0500)\/","RecordDate":"\/Date(-62135578800000-0500)\/"}},{"Key":{"Item1":"Dividend","Item2":"\/Date(1561435200000-0400)\/"},"Value":{"__type":"Dividend:#Pacmio","AsOfDate":"\/Date(1561435200000-0400)\/","Close_Price":44.95,"DataSource":-2147483638,"DeclarationDate":"\/Date(-62135578800000-0500)\/","Dividend":0.03745,"ExDate":"\/Date(1561435200000-0400)\/","PayDate":"\/Date(-62135578800000-0500)\/","RecordDate":"\/Date(-62135578800000-0500)\/"}},{"Key":{"Item1":"Dividend","Item2":"\/Date(1552968000000-0400)\/"},"Value":{"__type":"Dividend:#Pacmio","AsOfDate":"\/Date(1552968000000-0400)\/","Close_Price":62.01,"DataSource":-2147483638,"DeclarationDate":"\/Date(-62135578800000-0500)\/","Dividend":0.10973,"ExDate":"\/Date(1552968000000-0400)\/","PayDate":"\/Date(-62135578800000-0500)\/","RecordDate":"\/Date(-62135578800000-0500)\/"}},{"Key":{"Item1":"Dividend","Item2":"\/Date(1545886800000-0500)\/"},"Value":{"__type":"Dividend:#Pacmio","AsOfDate":"\/Date(1545886800000-0500)\/","Close_Price":29.85,"DataSource":-2147483638,"DeclarationDate":"\/Date(-62135578800000-0500)\/","Dividend":0.09621,"ExDate":"\/Date(1545886800000-0500)\/","PayDate":"\/Date(-62135578800000-0500)\/","RecordDate":"\/Date(-62135578800000-0500)\/"}},{"Key":{"Item1":"Dividend","Item2":"\/Date(1537848000000-0400)\/"},"Value":{"__type":"Dividend:#Pacmio","AsOfDate":"\/Date(1537848000000-0400)\/","Close_Price":96.14,"DataSource":-2147483638,"DeclarationDate":"\/Date(-62135578800000-0500)\/","Dividend":0.095,"ExDate":"\/Date(1537848000000-0400)\/","PayDate":"\/Date(-62135578800000-0500)\/","RecordDate":"\/Date(-62135578800000-0500)\/"}},{"Key":{"Item1":"Dividend","Item2":"\/Date(1529380800000-0400)\/"},"Value":{"__type":"Dividend:#Pacmio","AsOfDate":"\/Date(1529380800000-0400)\/","Close_Price":107.68,"DataSource":-2147483638,"DeclarationDate":"\/Date(-62135578800000-0500)\/","Dividend":0.019,"ExDate":"\/Date(1529380800000-0400)\/","PayDate":"\/Date(-62135578800000-0500)\/","RecordDate":"\/Date(-62135578800000-0500)\/"}},{"Key":{"Item1":"Dividend","Item2":"\/Date(1513141200000-0500)\/"},"Value":{"__type":"Dividend:#Pacmio","AsOfDate":"\/Date(1513141200000-0500)\/","Close_Price":72.73,"DataSource":-2147483638,"DeclarationDate":"\/Date(-62135578800000-0500)\/","Dividend":0.13261,"ExDate":"\/Date(1513141200000-0500)\/","PayDate":"\/Date(-62135578800000-0500)\/","RecordDate":"\/Date(-62135578800000-0500)\/"}},{"Key":{"Item1":"Split","Item2":"\/Date(1458792000000-0400)\/"},"Value":{"__type":"Split:#Pacmio","AsOfDate":"\/Date(1458792000000-0400)\/","Close_Price":25.08,"DataSource":-2147483638,"Split":0.25}}]}