{"ContractKey":{"Item1":"RNVA","Item2":1095,"Item3":"STOCK"},"DataLUT":[{"Key":{"Item1":"Split","Item2":"\/Date(1507262400000-0400)\/"},"Value":{"__type":"Split:#Pacmio","AsOfDate":"\/Date(1507262400000-0400)\/","Close_Price":2.6,"DataSource":-2147483638,"Split":0.0666667}},{"Key":{"Item1":"Split","Item2":"\/Date(1487826000000-0500)\/"},"Value":{"__type":"Split:#Pacmio","AsOfDate":"\/Date(1487826000000-0500)\/","Close_Price":2.23,"DataSource":-2147483638,"Split":0.0333333}},{"Key":{"Item1":"Split","Item2":"\/Date(1446526800000-0500)\/"},"Value":{"__type":"Split:#Pacmio","AsOfDate":"\/Date(1446526800000-0500)\/","Close_Price":5.5,"DataSource":-2147483638,"Split":0.1}},{"Key":{"Item1":"Split","Item2":"\/Date(1308283200000-0400)\/"},"Value":{"__type":"Split:#Pacmio","AsOfDate":"\/Date(1308283200000-0400)\/","Close_Price":1.84,"DataSource":-2147483638,"Split":0.2}},{"Key":{"Item1":"Split","Item2":"\/Date(1153800000000-0400)\/"},"Value":{"__type":"Split:#Pacmio","AsOfDate":"\/Date(1153800000000-0400)\/","Close_Price":3.85,"DataSource":-2147483638,"Split":0.083333333333333329}}]}